word,result
COMME,0
CETTE,0
AUSSI,0
AUTRE,0
FAIRE,0
ENTRE,0
TEMPS,0
QUAND,0
APRES,0
LEURS,0
ALORS,0
MOINS,0
TOUTE,0
HOMME,0
ELLES,0
GRAND,0
AINSI,0
AVOIR,0
AVANT,0
MONDE,0
NOTRE,0
TROIS,0
CELUI,0
CELLE,0
PETIT,0
CHOSE,0
PORTE,0
POINT,0
PARCE,0
PLACE,0
FEMME,0
ENFIN,0
PASSE,0
CORPS,0
ASSEZ,0
JOURS,0
DONNE,0
TERRE,0
ETAIS,0
MIEUX,0
RESTE,0
FORME,0
HEURE,0
DOUTE,0
EFFET,0
VOTRE,0
COURS,0
SAINT,0
SEULE,0
COEUR,0
JEUNE,0
MAINS,0
DROIT,0
ABORD,0
AMOUR,0
VIEUX,0
PEINE,0
FACON,0
ORDRE,0
MEMES,0
FILLE,0
SUITE,0
SORTE,0
ALLER,0
BONNE,0
VILLE,0
ETATS,0
FORCE,0
MATIN,0
VOILA,0
AUCUN,0
TABLE,0
PARLE,0
SELON,0
VINGT,0
PARMI,0
PENSE,0
TELLE,0
CAUSE,0
AYANT,0
ECOLE,0
JUSTE,0
ROUTE,0
ROUGE,0
BELLE,0
ANNEE,0
OBJET,0
MOYEN,0
TRAIN,0
ETANT,0
PLEIN,0
LIVRE,0
GRACE,0
ETUDE,0
MARIE,0
PIEDS,0
GARDE,0
BLANC,0
DEBUT,0
BRUIT,0
VIVRE,0
ENVIE,0
LOUIS,0
IMAGE,0
PIECE,0
CESSE,0
SALLE,0
VENIR,0
MILLE,0
SUJET,0
OMBRE,0
LIBRE,0
GENRE,0
PARIS,0
COUPS,0
VOULU,0
SIGNE,0
VERRE,0
PARTI,0
FAITS,0
FROID,0
QUANT,0
ECRIT,0
FERME,0
OUTRE,0
GUERE,0
TENIR,0
IDEES,0
SOEUR,0
CHAMP,0
GESTE,0
LIGNE,0
PERDU,0
FRERE,0
TITRE,0
LARGE,0
ELEVE,0
ARMEE,0
HAUTE,0
JOUER,0
VOICI,0
FRONT,0
MASSE,0
NOIRE,0
ASSIS,0
POIDS,0
ALLEZ,0
TOMBE,0
CONNU,0
SCENE,0
ODEUR,0
TERME,0
UNITE,0
FAITE,0
DESIR,0
PRISE,0
SEULS,0
CHOIX,0
HOTEL,0
SOMME,0
TYPES,0
MAMAN,0
SINON,0
CLAIR,0
SERIE,0
EGARD,0
TIRER,0
TIENS,0
CALME,0
TACHE,0
COURT,0
FRAIS,0
CADRE,0
USAGE,0
ARMES,0
MONTE,0
FORET,0
DUREE,0
REGLE,0
DENTS,0
COTES,0
FAUTE,0
HIVER,0
MORTS,0
PLUIE,0
CHIEN,0
COUPE,0
DITES,0
FOULE,0
GRAVE,0
DEGRE,0
FORTE,0
NOIRS,0
COMTE,0
APPEL,0
ONCLE,0
ARBRE,0
OUVRE,0
GLACE,0
JAUNE,0
SABLE,0
CHAUD,0
BOITE,0
POSTE,0
CENTS,0
CHAIR,0
POCHE,0
BASSE,0
VRAIE,0
CROIX,0
TEXTE,0
CROIT,0
LUTTE,0
BOIRE,0
STYLE,0
PECHE,0
MERCI,0
POSER,0
TANTE,0
VASTE,0
TOTAL,0
ROMAN,0
AIMER,0
ETRES,0
HERBE,0
TENTE,0
VAGUE,0
DROLE,0
PAGES,0
MORTE,0
GORGE,0
DANSE,0
VENUE,0
CARTE,0
LEGER,0
BEAUX,0
FONDS,0
UNION,0
VENUS,0
SANTE,0
RADIO,0
MERDE,0
RARES,0
DINER,0
OFFRE,0
SALON,0
RENDU,0
TOILE,0
CHEFS,0
OUEST,0
NEIGE,0
LIEUX,0
GENIE,0
HONTE,0
SOUCI,0
SIEGE,0
SALUT,0
DOUCE,0
LONGS,0
DOIGT,0
REPAS,0
TRACE,0
CACHE,0
LEVER,0
CRISE,0
RICHE,0
DECOR,0
ETAGE,0
FALLU,0
ANGLE,0
LOURD,0
AIDER,0
BANDE,0
DOUZE,0
SUIVI,0
NULLE,0
CREER,0
PLANS,0
RUSSE,0
SERRE,0
LAMPE,0
GAGNE,0
JOUES,0
PLAGE,0
BETES,0
JADIS,0
PRETE,0
FINIR,0
CREUX,0
POETE,0
NOMME,0
VOIES,0
NUITS,0
TETES,0
TAPIS,0
LANCE,0
QUART,0
METAL,0
EXIGE,0
ECLAT,0
VERTU,0
ACTES,0
JETER,0
PAYER,0
ARRET,0
TRAIT,0
MINCE,0
PRIVE,0
SORTI,0
REINE,0
ROSES,0
ONDES,0
QUELS,0
AMENE,0
SONGE,0
LISTE,0
UTILE,0
FUMEE,0
DEPIT,0
HEROS,0
CHUTE,0
SEUIL,0
JAMBE,0
REPOS,0
FOLIE,0
REVES,0
PLAIT,0
MANGE,0
FOLLE,0
CASSE,0
TENUE,0
SACRE,0
BIENS,0
ACIDE,0
PITIE,0
AVION,0
NOTES,0
CRANE,0
TIERS,0
MUSEE,0
HUILE,0
BLEUE,0
USINE,0
VIDES,0
ALLEE,0
FLEUR,0
PREVU,0
DIEUX,0
GRISE,0
JETTE,0
ACCES,0
DRAME,0
QUEUE,0
BALLE,0
VIEIL,0
ACIER,0
EGALE,0
HAINE,0
RAYON,0
FIXES,0
SUEUR,0
ECART,0
DAMES,0
REGNE,0
ZONES,0
SECHE,0
STADE,0
BOUGE,0
RESTA,0
AGENT,0
JAPON,0
SUCRE,0
RECIT,0
CHANT,0
SERVI,0
BARBE,0
TOURS,0
FIXER,0
ADMIS,0
TISSU,0
VOIRE,0
AVRIL,0
SENTI,0
PHOTO,0
JOLIE,0
PERTE,0
OPERA,0
CRIME,0
ROUES,0
REVUE,0
CARRE,0
QUASI,0
VIRUS,0
HELAS,0
CYCLE,0
APPUI,0
BASES,0
BRISE,0
AILES,0
PLUME,0
IDEAL,0
VOILE,0
SEINS,0
POSEE,0
LUEUR,0
LYCEE,0
LACHE,0
VESTE,0
EXCES,0
REMIS,0
HAUTS,0
CRIER,0
PHASE,0
CANAL,0
RONDE,0
AMANT,0
BARRE,0
VERTE,0
CESAR,0
SOINS,0
BRULE,0
LINGE,0
ROULE,0
PENTE,0
SITUE,0
PRETS,0
POMME,0
CHERE,0
POING,0
JUGER,0
FRUIT,0
NUQUE,0
SAUTE,0
VENTE,0
TABAC,0
ENFER,0
EPAIS,0
FOYER,0
RIANT,0
ECHEC,0
MORAL,0
BAINS,0
BLEUS,0
COLLE,0
REFUS,0
MISES,0
DELAI,0
MINES,0
JUIFS,0
NOYAU,0
DEBAT,0
GUIDE,0
VITRE,0
ADIEU,0
TENDU,0
BOULE,0
FUTUR,0
TROUS,0
ENNUI,0
OEUFS,0
MENER,0
LIENS,0
POEME,0
LENTE,0
ISSUE,0
FONDE,0
LATIN,0
BIERE,0
RIRES,0
PISTE,0
CULTE,0
AVOUE,0
FUSIL,0
TOITS,0
SAUVE,0
SEIZE,0
AILLE,0
CORDE,0
FIRME,0
MARIN,0
VARIE,0
AMUSE,0
NOTER,0
GREVE,0
VRAIS,0
DRAPS,0
HIPPO,0
FUITE,0
PIQUE,0
BORDS,0
MAJOR,0
BRUME,0
LOCAL,0
CHATS,0
NERFS,0
METRO,0
ROYAL,0
CIVIL,0
LECON,0
SUBIR,0
FLICS,0
MERES,0
DIGNE,0
FOSSE,0
ETAPE,0
CANON,0
CITER,0
PORTS,0
ECRAN,0
PIANO,0
FETES,0
NEUVE,0
SPORT,0
ROBES,0
SOIRS,0
NOBLE,0
VEUVE,0
ESSAI,0
OUBLI,0
COINS,0
AIMES,0
INDEX,0
COULE,0
ARABE,0
ORAGE,0
PROIE,0
SOUPE,0
SONNE,0
MESSE,0
TIEDE,0
FLANC,0
TAIRE,0
REVER,0
SAISI,0
BETON,0
THESE,0
THEME,0
VERTS,0
OCEAN,0
OUAIS,0
NUAGE,0
NETTE,0
GRAIN,0
POSES,0
COUDE,0
FILMS,0
PUITS,0
PAIRE,0
FRANC,0
FILET,0
PONTS,0
VICHY,0
MODES,0
COTON,0
MAIRE,0
POILS,0
EXACT,0
REINS,0
COUTE,0
VOUTE,0
VACHE,0
ENCRE,0
BRUNE,0
SIENS,0
GRECS,0
PEINT,0
SACHE,0
TRUCS,0
ESSOR,0
POUCE,0
MYTHE,0
INDES,0
LAVER,0
PLATS,0
IDIOT,0
CREME,0
LISSE,0
OPERE,0
PLOMB,0
TASSE,0
SUEDE,0
GOSSE,0
LEVEE,0
ISOLE,0
RAIDE,0
GRADE,0
FORTS,0
JUGES,0
PLATE,0
MARGE,0
CANNE,0
BOMBE,0
NEANT,0
REELS,0
VILLA,0
BREVE,0
ALPES,0
RUINE,0
SALES,0
GANTS,0
PAUME,0
COUTS,0
DEMIE,0
ANGES,0
FIXEE,0
CREVE,0
RECUL,0
CONGE,0
METRE,0
CHINE,0
TRONC,0
POMPE,0
BRAVE,0
PERES,0
BORNE,0
MAREE,0
KILOS,0
ACHAT,0
FINES,0
ATOME,0
DURER,0
VOLER,0
GLOBE,0
TIRES,0
ABIME,0
DEUIL,0
MARRE,0
MOTIF,0
BLOND,0
AURAS,0
CEDER,0
DIVIN,0
DEPOT,0
BOEUF,0
ANIME,0
SOURD,0
RITES,0
PAROI,0
SUBIT,0
AIMEE,0
FONCE,0
ACTIF,0
BATON,0
TUBES,0
COPIE,0
CHENE,0
RACES,0
GENOU,0
RANGS,0
CHERI,0
TEINT,0
PIEGE,0
CREEE,0
AGITE,0
RAMPE,0
CAMPS,0
MAGIE,0
LIEES,0
VENTS,0
BOUTS,0
GOUTS,0
GENES,0
CONCU,0
ROCHE,0
CORSE,0
DORMI,0
GEANT,0
FINAL,0
GUISE,0
BANCS,0
CAFES,0
RAIES,0
BIBLE,0
ROLES,0
FICHE,0
CHAUX,0
NAPPE,0
TRAME,0
FOUTU,0
PRIME,0
PRIER,0
QUETE,0
TIGRE,0
RONDS,0
SUPER,0
VIVES,0
SEINE,0
MOLLE,0
BARON,0
LUNDI,0
AIGUE,0
SOLDE,0
AZOTE,0
BATTU,0
WEBER,0
IMPOT,0
VERSE,0
RURAL,0
PATTE,0
JEUDI,0
BUSTE,0
HURLE,0
ISLAM,0
ETALE,0
QUAIS,0
FREIN,0
DATES,0
PARTS,0
CRETE,0
BONTE,0
SITOT,0
MARNE,0
ECUME,0
TORSE,0
FINIE,0
CITES,0
GAMIN,0
REMUE,0
SIEUR,0
EPOUX,0
GAMME,0
RIDES,0
TALUS,0
MELEE,0
EVITE,0
STAGE,0
ROBIN,0
TESTS,0
FACES,0
BIAIS,0
MOINE,0
CHARS,0
JETEE,0
OUTIL,0
SUFFI,0
SERGE,0
LOGIS,0
JOIES,0
FILER,0
DIVAN,0
MOMES,0
RANGE,0
MELER,0
RUBAN,0
JOINT,0
EXTRA,0
ADORE,0
WAGON,0
GAUSS,0
JOUIR,0
TRIBU,0
REGIS,0
VIGNE,0
BILAN,0
OBEIR,0
LEVRE,0
LAMES,0
PACTE,0
MALIN,0
MIENS,0
VENDU,0
DOREE,0
RECUS,0
VOLEE,0
BLOCS,0
LASSE,0
CREES,0
PATES,0
PIRES,0
TENUS,0
PESER,0
JESUS,0
PINCE,0
CLOUS,0
SAUCE,0
NOEUD,0
POULE,0
SELLE,0
FORGE,0
USURE,0
LOUPS,0
MANIE,0
PERIL,0
ULTRA,0
FUMER,0
FOIRE,0
AMIES,0
MIXTE,0
SINGE,0
RIVES,0
GAFFE,0
TRONE,0
HAVRE,0
COURU,0
NEUFS,0
CHERS,0
MECHE,0
LAPIN,0
FINIS,0
SALUE,0
FOUET,0
PNEUS,0
FONTE,0
JUIVE,0
BOURG,0
FIERE,0
FLOTS,0
PALES,0
DEBIT,0
MENEE,0
BRUTE,0
ECHOS,0
TAPER,0
POELE,0
CLOSE,0
SAVON,0
MICRO,0
AVALE,0
POLES,0
SAMBA,0
NOCES,0
VEINE,0
HAIES,0
AUTEL,0
RAILS,0
CONTE,0
AIRES,0
VETUE,0
MORNE,0
JENNY,0
ROMPU,0
GRELE,0
AIDES,0
SAGES,0
UNIES,0
CAVES,0
MARDI,0
MELES,0
VERBE,0
DIANE,0
VIDER,0
EGARE,0
ALLES,0
LENTS,0
ELITE,0
DENSE,0
BANAL,0
DURES,0
BELGE,0
COQUE,0
DALLE,0
PERCE,0
CRUEL,0
ALLIE,0
CHOCS,0
DEMON,0
ASILE,0
BAGUE,0
MENUS,0
TIREE,0
SABRE,0
DECES,0
CHAOS,0
BAISE,0
MOQUE,0
DUNES,0
JUPES,0
PEAUX,0
MOULE,0
AIGLE,0
FATAL,0
PILES,0
RELIE,0
VOEUX,0
FAUVE,0
CHIER,0
ENGIN,0
PERLE,0
MILAN,0
NEVEU,0
HACHE,0
PLAIE,0
VOGUE,0
CLEFS,0
CORNE,0
VALET,0
BRAVO,0
CODES,0
GALOP,0
TALON,0
HABIT,0
NOYER,0
HALTE,0
FAUNE,0
AUTOS,0
CURIE,0
VAINE,0
DAMAS,0
PAVES,0
GIFLE,0
VETUS,0
MOCHE,0
BATIR,0
RECUE,0
SENAT,0
PHARE,0
LEVES,0
CUIRE,0
PLIER,0
FONDU,0
AMERE,0
MAUVE,0
LAINE,0
TARDE,0
GERME,0
AVISE,0
AVIDE,0
PANNE,0
JETES,0
FENTE,0
TIGES,0
SCEAU,0
ENVOI,0
BALAI,0
EGAUX,0
BOSSE,0
IMITE,0
VECUE,0
MALES,0
EXCLU,0
DORES,0
GILET,0
LOGES,0
LITRE,0
FERAS,0
VOYOU,0
TREVE,0
BREFS,0
REPIT,0
HAREM,0
GOMME,0
ECRIE,0
PAYES,0
OVALE,0
MOISE,0
PLANE,0
ALBUM,0
ETHER,0
SAPIN,0
FACHE,0
POTES,0
TUYAU,0
COGNE,0
FUMES,0
BRUNS,0
MATCH,0
EVEIL,0
AMPLE,0
BOTTE,0
DOYEN,0
GENER,0
ROSEE,0
PURES,0
GAULE,0
AGACE,0
MENTI,0
PIGES,0
PIEUX,0
CIBLE,0
BEBES,0
TAXES,0
CHOUX,0
EMAIL,0
BIJOU,0
GOUTE,0
BERET,0
BIDON,0
HOTES,0
TURCS,0
VITAL,0
TAULE,0
SOURI,0
VASES,0
HOULE,0
PACHA,0
CLUBS,0
CUITE,0
BRIDE,0
OSIER,0
TARIF,0
BILLE,0
PAUSE,0
CRAIE,0
PELLE,0
SEXES,0
BLEME,0
STOCK,0
LARME,0
POIRE,0
SOCIO,0
PROSE,0
FLUTE,0
FLORE,0
PIETE,0
INTER,0
MUETS,0
DOSES,0
FICHU,0
ACCRU,0
GELEE,0
ETIRE,0
LAURE,0
MALLE,0
PESTE,0
TRAHI,0
CLANS,0
ETANG,0
GARES,0
NAIVE,0
AINEE,0
LOUPE,0
JULES,0
SEMIS,0
ASTRE,0
SONNA,0
EVIER,0
LANDE,0
FARCE,0
MONTS,0
HOCHE,0
PARCS,0
DETTE,0
LOGER,0
NIECE,0
COLIS,0
CERNE,0
MEFIE,0
ONGLE,0
AFFUT,0
AIGRE,0
SAINE,0
LAIDE,0
CIREE,0
CURES,0
PERCU,0
VOMIR,0
CIEUX,0
TERNE,0
DOUES,0
CUBES,0
JOUET,0
BORDE,0
HANTE,0
ENJEU,0
VALSE,0
FRISE,0
LIEGE,0
PERSE,0
PISSE,0
BASEE,0
RONGE,0
LEGAL,0
LONGE,0
AISEE,0
MUNIS,0
ANCRE,0
JOLIS,0
BACHE,0
FUSEE,0
STYLO,0
PUNIR,0
GERBE,0
PARIE,0
GUERI,0
LIONS,0
LILAS,0
NAGER,0
PENDU,0
SOCLE,0
FIBRE,0
AINES,0
LOUER,0
TARTE,0
FRELE,0
SOUDE,0
RUSES,0
GARNI,0
ABCES,0
SURGI,0
SEAUX,0
RAVIN,0
AVARE,0
FOURS,0
FIERS,0
DELIT,0
REUNI,0
GOLFE,0
VOTES,0
EPARS,0
AMONT,0
VOTER,0
RUDES,0
REJET,0
FERRY,0
NUEES,0
NATAL,0
DIGUE,0
NORME,0
TONNE,0
POULS,0
PUCES,0
FIGEE,0
VOLET,0
AVERE,0
SATAN,0
RUBIS,0
CRABE,0
RIVAL,0
ETAIN,0
PARER,0
AIGUS,0
MEGOT,0
FABLE,0
BERGE,0
URINE,0
OXYDE,0
EXODE,0
FILES,0
MOITE,0
VERDI,0
PORTO,0
ATLAS,0
SAOUL,0
TORDU,0
HUMUS,0
SATIN,0
BRODE,0
ORALE,0
TEMPE,0
PARTE,0
ELANS,0
NACRE,0
BARBU,0
BICHE,0
LECHE,0
DUVET,0
NICHE,0
HARDI,0
CADET,0
HYMNE,0
JUGEE,0
DOTES,0
HATER,0
CASES,0
BAIES,0
CARGO,0
CHALE,0
CABLE,0
CLOUE,0
SENTE,0
SIROP,0
BOYAU,0
ORGUE,0
CLERC,0
GEMIR,0
NUIRE,0
MEURE,0
BLAME,0
PUREE,0
RENEE,0
ORNEE,0
ARCHE,0
CENSE,0
MACRO,0
LIGUE,0
RENDE,0
CLOWN,0
BULLE,0
GACHE,0
JURER,0
REGIE,0
ELOGE,0
CAPOT,0
BUTTE,0
FRIME,0
APTES,0
RUGBY,0
OLIVE,0
BEIGE,0
CAGES,0
RAMES,0
REPLI,0
OASIS,0
ANTAN,0
AMBRE,0
GAZON,0
NOYES,0
MUNIE,0
NYLON,0
SILEX,0
MORDU,0
BRINS,0
MACON,0
GIRLS,0
GAINS,0
DECUE,0
JOUEE,0
MARIS,0
CIMES,0
BATIE,0
IDOLE,0
MEUTE,0
PEKIN,0
HUTTE,0
FETER,0
ZANZI,0
SAUTS,0
TULLE,0
ENVOL,0
GARCE,0
JURES,0
PIPES,0
POLIE,0
INOUI,0
RASER,0
ERRER,0
DATER,0
EPRIS,0
POGNE,0
ABRIS,0
GNOSE,0
ABUSE,0
GENEE,0
PUISE,0
RABAT,0
GAITE,0
EBENE,0
ARETE,0
AHURI,0
FUGUE,0
CROCS,0
BONDS,0
VISER,0
NOUER,0
SALEE,0
MUFLE,0
CANOT,0
OSCAR,0
IVRES,0
PROUE,0
ALIBI,0
COLON,0
COHUE,0
CASTE,0
OPIUM,0
TAXIS,0
MORUE,0
LAQUE,0
BAHUT,0
PORCS,0
SHORT,0
BAZAR,0
CREPE,0
BUTER,0
RADAR,0
VODKA,0
BERCE,0
BLUES,0
PAIRS,0
EMEUT,0
TUEUR,0
MATER,0
DOGME,0
VIRER,0
POLKA,0
LOYER,0
TOQUE,0
RENES,0
PERIR,0
SITES,0
RAVIE,0
DOTEE,0
CYGNE,0
VICES,0
SYMPA,0
FRIGO,0
EGOUT,0
BUTIN,0
FEINT,0
MENES,0
HISSE,0
BRUTS,0
CHINA,0
EPEES,0
VISEE,0
SABOT,0
MEULE,0
GIVRE,0
VANTE,0
NOYEE,0
DOUEE,0
CONNE,0
EPAVE,0
PAPES,0
SOTTE,0
GAINE,0
CHOIR,0
FROLE,0
VOUEE,0
MELON,0
PLAIN,0
ILOTS,0
PITON,0
SURES,0
FESSE,0
NAIFS,0
FIGES,0
CULOT,0
SERVE,0
DICTE,0
SOBRE,0
ARIDE,0
EPINE,0
RATER,0
CACHA,0
MENUE,0
CORAN,0
PLIEE,0
PAINS,0
NAINS,0
VIZIR,0
FLAIR,0
EMANE,0
CERFS,0
PENAL,0
TANGO,0
BOCHE,0
PUTES,0
AISES,0
VIBRE,0
COUVE,0
EVADE,0
USEES,0
SECTE,0
SALIR,0
PARDI,0
JAUGE,0
AIDEE,0
FURIE,0
PUANT,0
ARENE,0
CALES,0
MURES,0
PAYEE,0
RENTE,0
NOUES,0
YACHT,0
MICHE,0
EXILE,0
GERER,0
CRUES,0
VERNI,0
VANNE,0
LACET,0
BECHE,0
HETRE,0
VERGE,0
OUATE,0
ENFLE,0
TATER,0
VERVE,0
TOTEM,0
RECHE,0
BOCAL,0
MILES,0
HARPE,0
RODER,0
VISES,0
OSANT,0
SEMER,0
EMPLI,0
TROUE,0
NOUEE,0
ORNES,0
TYRAN,0
SUAVE,0
PATER,0
GRUES,0
JONCS,0
NANAS,0
PLIES,0
VAINS,0
LIANT,0
LAYON,0
LOYAL,0
GRAAL,0
TISSE,0
RENIE,0
DOTER,0
TARES,0
MOISI,0
VERNE,0
RHUME,0
RADIS,0
FLOUE,0
RANCE,0
EMISE,0
TRIER,0
JUCHE,0
TABOU,0
APPAT,0
FASTE,0
MAGMA,0
REAGI,0
LEDIT,0
GAGES,0
FLEAU,0
SQUAW,0
SONDE,0
JANTE,0
BUCHE,0
VENGE,0
TOLES,0
BLASE,0
CABAS,0
GEMME,0
DRAPE,0
FENDU,0
RENOM,0
NIAIS,0
PONTE,0
COMBE,0
OBEIS,0
SAHEL,0
SURIN,0
MULES,0
BOSSU,0
BAGNE,0
FLASH,0
MOTTE,0
GRIEF,0
BONUS,0
CAPTE,0
PETER,0
CANIF,0
ANTRE,0
PHONO,0
LAVES,0
LAVEE,0
DECUS,0
MYOPE,0
PHAGE,0
PEURS,0
AGEES,0
RAVIS,0
SERUM,0
PATCH,0
BACON,0
PIVOT,0
ARGOT,0
NAVRE,0
CUITS,0
TRAPU,0
SEDAN,0
HOSTO,0
GREEN,0
CLORE,0
PORES,0
VOLTE,0
DEFIE,0
TWEED,0
PANSE,0
JUDAS,0
HEURT,0
VIRIL,0
PALIR,0
ELISE,0
VECUS,0
RETRO,0
BOUEE,0
AIEUL,0
PARME,0
LUNES,0
EPURE,0
NATTE,0
SUCER,0
PROFS,0
FADES,0
VIDEE,0
RATES,0
THUNE,0
ELIRE,0
VEAUX,0
SEMEE,0
PRETA,0
POUPE,0
PESEE,0
OBESE,0
HERTZ,0
LUIRE,0
ARMER,0
KHANS,0
LAIDS,0
ABOLI,0
USUEL,0
GUEUX,0
DEGEL,0
CIDRE,0
DURCI,0
LEGUE,0
CITEE,0
SCIER,0
TORTS,0
VELOS,0
POLIS,0
MEDOC,0
SALVE,0
PAIEN,0
TAMIS,0
POKER,0
RASES,0
SOLEX,0
RIBOT,0
TOMES,0
ALEAS,0
ROUGI,0
MACHE,0
IMPUR,0
HORDE,0
DILUE,0
NIQUE,0
LESTE,0
RAVIR,0
PATIO,0
MERLE,0
LIMON,0
EGIDE,0
BAUME,0
EPATE,0
PROMU,0
USANT,0
PAREE,0
BATIS,0
JUPON,0
STORE,0
ETUVE,0
BENIT,0
BRAME,0
MASAI,0
PAVEE,0
MOTOS,0
VOUES,0
RAFLE,0
SAINS,0
PIPER,0
CREDO,0
AGILE,0
ERIGE,0
CIELS,0
PUNIS,0
VIMES,0
GODET,0
PALME,0
ALIAS,0
ATHEE,0
RIVER,0
DEDIE,0
DOCKS,0
CUIRS,0
VOLES,0
VOLTS,0
RIEUR,0
METIS,0
ENFUI,0
SUBIS,0
BAVER,0
STARS,0
FERMI,0
LEPRE,0
DANDY,0
REBUT,0
FERRE,0
BUTEE,0
MATOU,0
SLAVE,0
VOUER,0
LOUEE,0
DIRES,0
RINCE,0
LOQUE,0
SERPE,0
JETON,0
COCHE,0
CALOT,0
BOSCO,0
LOUVE,0
DELTA,0
CONES,0
TAPIE,0
VENIN,0
ODEON,0
MULET,0
GALON,0
ZEBRE,0
SAXON,0
SUPRA,0
CAMES,0
BERNE,0
VETIR,0
MURIR,0
EPIER,0
CASER,0
COUSU,0
RALES,0
JAVEL,0
CIRES,0
JAUNI,0
RASEE,0
MARES,0
ONCES,0
NATIF,0
GIGOT,0
COCON,0
RUCHE,0
GONZE,0
FOIES,0
PIONS,0
TUILE,0
PILON,0
LARVE,0
ATOUT,0
AMERS,0
AGREE,0
MATHS,0
PRIMO,0
DUPES,0
SUBIE,0
BENIR,0
DUITE,0
MITAN,0
VIREE,0
REVEE,0
PREAU,0
FUMET,0
ROBOT,0
OMEGA,0
SOLES,0
DELIE,0
ROTIN,0
HARDE,0
HAPPE,0
AROME,0
TAPES,0
TAUPE,0
VISSE,0
DOSER,0
BONDI,0
SILOS,0
ECRIN,0
CREPI,0
BEANT,0
FORUM,0
ABOIS,0
ECROU,0
BULBE,0
BOUSE,0
DECHU,0
TANKS,0
FLOUS,0
CAMPE,0
PULPE,0
PATRE,0
MOMIE,0
MAGOT,0
HAMAC,0
ALPHA,0
GALET,0
SCIES,0
RAYES,0
DEFIS,0
REVUS,0
LACIS,0
CEDRE,0
SCOUT,0
GLAND,0
CODEX,0
EMAUX,0
TONDU,0
JOULE,0
GATER,0
TAPIN,0
NEONS,0
CUVES,0
AUBES,0
APERO,0
OURSE,0
OBTUS,0
BOUTE,0
ALGUE,0
PHILO,0
PALPE,0
SEMES,0
GAREE,0
EBOUE,0
FIGER,0
GARER,0
BICOT,0
GONDS,0
GITES,0
FARDS,0
GELES,0
GITAN,0
ORVET,0
TEMPO,0
HOTTE,0
RAIDI,0
JURYS,0
BENIS,0
TABES,0
PURGE,0
PUNCH,0
VALVE,0
NURSE,0
VERSO,0
EDITE,0
CHOPE,0
JACTE,0
MIMER,0
COLAS,0
RABLE,0
PEPIN,0
DAMNE,0
PREUX,0
STRIE,0
GUEPE,0
CARPE,0
OTAGE,0
JURON,0
DEMIS,0
SUIVE,0
VOTEE,0
CIRER,0
BROYE,0
CLINS,0
LOGOS,0
CARIE,0
CEINT,0
DATEE,0
BONDE,0
ANIMA,0
NOTEE,0
ENCOR,0
SAULE,0
MINET,0
DEVIN,0
STAND,0
BARDE,0
LOBES,0
CHAPE,0
ROGNE,0
GENET,0
OTANT,0
FARCI,0
RIDEE,0
MOULT,0
TUANT,0
TENOR,0
MINUS,0
RATON,0
FIOLE,0
TETUE,0
BANNI,0
DEVIE,0
SIOUX,0
MATON,0
EBATS,0
PIAFS,0
RAYEE,0
MURET,0
FISSA,0
POILU,0
FAGOT,0
BURIN,0
ROUND,0
BLAZE,0
DIETE,0
CACAO,0
GALLO,0
FRIPE,0
PROUT,0
PIZZA,0
VEXER,0
ORNER,0
FRIRE,0
CALER,0
MALUS,0
MESON,0
ANSES,0
SOIES,0
NAVAL,0
MITRE,0
CUMUL,0
PRUNE,0
CLEBS,0
FOINS,0
REDIT,0
SINUS,0
REGAL,0
RACLE,0
ORGIE,0
BIDET,0
HALLE,0
PARUS,0
INFRA,0
SUANT,0
PURIN,0
PONCE,0
OPALE,0
FLIRT,0
JARRE,0
BIQUE,0
HIBOU,0
GAMMA,0
PENIS,0
HALLS,0
KEPIS,0
CAPES,0
GATEE,0
SANGS,0
MINOU,0
ZOMBI,0
BLUFF,0
BOVIN,0
RIVET,0
STRIP,0
MAFIA,0
GIRON,0
MAMIE,0
RIMES,0
RADIN,0
DEPLU,0
OPTER,0
LAICS,0
MAGES,0
ORMES,0
BENIE,0
TENDE,0
PARES,0
MANDE,0
RALER,0
PATEE,0
BENIN,0
BISON,0
MOIRE,0
GICLE,0
TRACT,0
ORGES,0
VAGIN,0
ZEROS,0
FANEE,0
TURBO,0
STELE,0
SPIRE,0
CHEIK,0
FANAL,0
SLIPS,0
TONUS,0
EXIGU,0
OVULE,0
TARIN,0
DENUE,0
FANES,0
EPICE,0
PETRI,0
RAYER,0
MAGNE,0
TOISE,0
TIMON,0
PATIN,0
LOTUS,0
LIEUE,0
INNEE,0
GOTHA,0
NABIS,0
NIANT,0
BOUDE,0
FRENE,0
CRINS,0
CALVA,0
HATIF,0
DEVIS,0
COTTE,0
CARNE,0
ICONE,0
VELUE,0
CIVET,0
CLOPE,0
ROTIR,0
JATTE,0
CABOT,0
EMOIS,0
GAIES,0
PUNIE,0
CANOE,0
VISON,0
NIMBE,0
MORSE,0
HERON,0
DOCTE,0
HARAS,0
TRUST,0
GRAVI,0
AERER,0
ELUES,0
ROTIS,0
SEVRE,0
TERNI,0
TRUIE,0
NONNE,0
FILON,0
ROGUE,0
VIDEO,0
OVINS,0
URNES,0
MOYEU,0
ADAGE,0
CAMPO,0
GLASS,0
ELUDE,0
MITES,0
CLAME,0
BAUGE,0
TESTE,0
TELEX,0
IMPER,0
SERFS,0
SAPES,0
VEXEE,0
RATEE,0
MOLES,0
VOCAL,0
RENNE,0
JOYAU,0
CROSS,0
COLIN,0
PILLE,0
MIMES,0
HERSE,0
TINTE,0
TETER,0
GELER,0
VALUE,0
TOMMY,0
BALES,0
TOAST,0
RISEE,0
PITRE,0
SHOOT,0
PLANT,0
MOLLO,0
FOLIO,0
HAMPE,0
BROME,0
BEATE,0
REBUS,0
PRONE,0
GERES,0
GOBER,0
STENO,0
DOMES,0
LOGEE,0
CABRE,0
TAROT,0
RETIF,0
GYPSE,0
BREAK,0
GROUP,0
MURAL,0
DINDE,0
COSSU,0
CORNU,0
BREME,0
BIGOT,0
ALPIN,0
LEGAT,0
FARDE,0
GEREE,0
SALIS,0
RUSER,0
FLANE,0
CAOUA,0
ETALS,0
RADES,0
RAIDS,0
AILEE,0
PARIA,0
MAINT,0
IMPIE,0
BUTOR,0
ARDUE,0
GATES,0
PRIES,0
CLODO,0
TSARS,0
ONDEE,0
LIPPE,0
PARTY,0
FANGE,0
FIGUE,0
LIANE,0
JABOT,0
LATTE,0
SIGLE,0
OPINE,0
POLIR,0
MOULU,0
TCHAO,0
HUEES,0
GOURE,0
CALEE,0
DRUZE,0
RECRE,0
WATTS,0
TORVE,0
BAZIN,0
RECTO,0
BEMOL,0
NAINE,0
BOUES,0
ELOXE,0
VASEE,0
MUGIE,0
GOGEE,0
BASIS,0
BAVEE,0
AGIES,0
ABALE,0
DUQUE,0
FUSES,0
FOHNE,0
GOGER,0
JUMPE,0
BASIR,0
GEEKE,0
AMUIR,0
SKIEE,0
SKIES,0
CICLE,0
FITTE,0
BAQUE,0
BUZZE,0
ALPER,0
GRALE,0
BOMEE,0
SLAME,0
TOLER,0
LIKEE,0
LIKES,0
LIKER,0
NIFES,0
BUQUE,0
ETIGE,0
TAGUE,0
ROTEE,0
SODEE,0
SODES,0
LOOKE,0
REPLU,0
VALUS,0
LYRER,0
TAGGE,0
REBUE,0
MOFLE,0
MOYEE,0
MOYES,0
CAMER,0
SLICE,0
LYSEE,0
LYSES,0
SAURI,0
RONDI,0
NORDI,0
MEGIR,0
COTIS,0
COTIE,0
COTIR,0
TARTI,0
SUBLE,0
TUNEE,0
TOMEE,0
TOMER,0
TIPPE,0
TIPEE,0
TIPES,0
TIPER,0
TAUDE,0
TUBEE,0
ZOUKE,0
SUIFE,0
MAZEE,0
MAZES,0
SILER,0
MAZER,0
KIFEE,0
KIFES,0
HAVEE,0
KIFER,0
SNIFE,0
ROBEE,0
ROBER,0
RALLE,0
PUCEE,0
PUCER,0
PIFEE,0
PIFES,0
PIFER,0
NOVEE,0
NOVER,0
GRESE,0
TISES,0
ABRIE,0
TISER,0
CHEVE,0
JERKE,0
ZOOME,0
HACKE,0
GUIPE,0
GLUEE,0
GLUES,0
GLUER,0
MITER,0
RUILE,0
COXEE,0
COXES,0
COXER,0
FLUXE,0
YODLE,0
JODLE,0
IOULE,0
ENOUE,0
EMIEE,0
EMIES,0
EMIER,0
ELEGI,0
ELIEE,0
ELIER,0
CANTE,0
AZORE,0
ECHER,0
JAZZE,0
TERRI,0
RUGIE,0
ROUIS,0
MATIE,0
HENNI,0
HAVIS,0
HAVIE,0
GLATI,0
FOUIS,0
CLAPI,0
CATIE,0
BRUIE,0
LAYEE,0
PEDZE,0
CROLE,0
SEXEE,0
SEXER,0
HOUEE,0
FROUE,0
NUANT,0
ELUEE,0
ZONEE,0
TOREE,0
TILTE,0
TERSE,0
TATEE,0
SUPEE,0
SAUNE,0
RUPEE,0
RUPES,0
RIPEE,0
RIPES,0
RIOTE,0
REANT,0
PISES,0
PIGEE,0
PACSE,0
LUTEE,0
LUTES,0
OCCIS,0
MOYER,0
LAPES,0
KIFFE,0
JOGGE,0
JARTE,0
IXANT,0
IXEES,0
RUPER,0
HABLE,0
HIANT,0
HIEES,0
GUEEE,0
GUEES,0
GRUTE,0
GODEE,0
FIEES,0
FAXEE,0
EPUCE,0
ENTEE,0
ENLIE,0
ECURE,0
DOLEE,0
DOLES,0
REDUE,0
CULES,0
CUBEE,0
CRENE,0
FAXER,0
CELES,0
CAPEE,0
CAMBE,0
BOXEE,0
BLUTE,0
BITEE,0
BISEE,0
BILEE,0
BADEE,0
BADES,0
AXANT,0
ARISE,0
ABUTE,0
ADIRE,0
OCRER,0
TYPER,0
ACTER,0
IODER,0
BILER,0
BRUIR,0
LOBER,0
DOPER,0
ELIES,0
LOGUE,0
LUXEE,0
FAXES,0
MOITI,0
DOPEE,0
MUTEE,0
DEALE,0
BIPES,0
BIPEE,0
SURFE,0
TOPES,0
ALUNI,0
VAMPE,0
ZAPPE,0
ZIPPE,0
BRUIS,0
BITER,0
PIGER,0
ELUER,0
BADER,0
TOUER,0
TARER,0
SEOIR,0
ROUIR,0
RADER,0
MATIR,0
LUXER,0
LOFER,0
HOUER,0
HAVIR,0
GUEER,0
CULER,0
CUBER,0
CATIR,0
BISER,0
AIRER,0
HAVER,0
KOTER,0
TIGER,0
AGONI,0
CAPER,0
NOCER,0
FLUER,0
DOLER,0
LITER,0
LOBEE,0
BUSER,0
AKITA,0
CEZIG,0
STUUT,0
HUTIA,0
GUARS,0
VELES,0
JESES,0
TAYRA,0
GOURO,0
ANKHS,0
BEBOP,0
DONER,0
ANOLI,0
ALOIS,0
DALIT,0
CHUTS,0
SUDRA,0
DEUGS,0
EWEES,0
INFOX,0
CASHS,0
DJEUN,0
MELAS,0
ASTES,0
EDUEN,0
JACOS,0
PEVES,0
ALYAS,0
VELDS,0
TABUN,0
STEMM,0
SOSOT,0
SARON,0
RIFFE,0
RIKIO,0
REPRO,0
RBATI,0
RAYIA,0
RACHI,0
PEUHL,0
PAJOT,0
ONLAY,0
OIDIE,0
NUTON,0
NIBAR,0
MULLA,0
MORCE,0
MAMET,0
LYSAT,0
KENAF,0
IXAGE,0
HIHAN,0
GWOKA,0
GOLEE,0
DIWAN,0
CHIPO,0
BLAFF,0
BIZOU,0
BITUE,0
BITIS,0
BENJI,0
VRACS,0
TOSAS,0
TEVES,0
TAINS,0
SUFIS,0
SATES,0
RYALS,0
RYADS,0
PRAOS,0
PEUFS,0
PENES,0
OMRAS,0
OKRAS,0
MISOS,0
GRAFS,0
FIQHS,0
DUSES,0
DOXAS,0
COUVS,0
CLIMS,0
CHEBS,0
CEBES,0
REGUR,0
BONIF,0
DOBOK,0
PERIF,0
BRANS,0
RIYAL,0
PILAW,0
SAROD,0
TAGME,0
MAMEE,0
TUFTE,0
UVALE,0
UVAUX,0
PLOCS,0
OBELS,0
KEFTA,0
KAVAS,0
JOICE,0
IKATS,0
DAUWS,0
DABAS,0
ALEVI,0
BODYS,0
SONIE,0
POTUE,0
LEHMS,0
HUTUS,0
ANJOU,0
BICOL,0
UBRIS,0
RIBAT,0
INEAT,0
TAXUM,0
DOLLY,0
GWERZ,0
HOCAS,0
LOOFA,0
CHANS,0
KYLIX,0
SPRUE,0
AMOKS,0
TOLBA,0
CENES,0
TATIS,0
ANNIV,0
RECUP,0
JAJAS,0
MELOE,0
BEKEE,0
BEKES,0
CHVAS,0
WALES,0
WALIS,0
TOLUS,0
NEMES,0
NAGAS,0
MEZES,0
LOMOS,0
HAJES,0
HADJS,0
ENOLS,0
FUERO,0
COEFS,0
TTORO,0
GIVRY,0
ORMET,0
MAMES,0
BOTOS,0
BODHI,0
AXOAS,0
TICAL,0
YAPOK,0
BARZA,0
RESAS,0
YUKOS,0
SIPOS,0
MANUL,0
MIKVE,0
BEGUS,0
RECEZ,0
OUMMA,0
SOMAN,0
SEGAS,0
CLARK,0
MORGE,0
KABYE,0
DOGAT,0
CETOL,0
PROXO,0
YAMBA,0
SKUNS,0
SAMES,0
LAMBI,0
MOLYS,0
REDIF,0
CANEE,0
LERCH,0
GAITA,0
SKONS,0
ANELS,0
SCOOT,0
GUIBS,0
RABLA,0
LOUMA,0
PIPOS,0
EDAMS,0
BETEE,0
CYONS,0
ONSEN,0
MARAE,0
OZENE,0
MASET,0
ZAMUS,0
KEFIE,0
TCHAN,0
OROMO,0
PEGOT,0
FJELD,0
WIFIS,0
JUDDS,0
PLINT,0
HOGAN,0
BOIDE,0
BLETZ,0
NAZCA,0
SALOL,0
ARGAS,0
CLOUP,0
TONIE,0
BROLS,0
HERVE,0
PUDUS,0
FEALE,0
RIOJA,0
NDOLE,0
TOKAJ,0
XALAM,0
BILIE,0
SINOC,0
DHIKR,0
PEKET,0
NAKFA,0
AGUIS,0
MAQAM,0
OSTOS,0
EJECT,0
JUNKY,0
OSMIE,0
PIBLE,0
THETE,0
TUPIE,0
IMIDE,0
GOTHE,0
FITOU,0
SUEVE,0
RICHI,0
RISHI,0
MOORE,0
TUTSI,0
SAOLA,0
PEPON,0
BRIKS,0
BOWAL,0
SILAT,0
COIRS,0
GUETE,0
JAZZY,0
GORAL,0
DUGON,0
VANDA,0
KOHOL,0
BIZET,0
RAAGS,0
MNEME,0
TAMIL,0
KENAS,0
RAMIN,0
COPLA,0
GUSSE,0
TALET,0
MILER,0
ANGUS,0
GLIAL,0
GLIES,0
THIOF,0
BINON,0
NOUCS,0
BAMBA,0
GAMER,0
DOUMS,0
GLAMS,0
BIAXE,0
EMYDE,0
FRAKE,0
HOVAS,0
DIBIS,0
DAYAK,0
BITUS,0
OGAMS,0
DIENE,0
PEKOE,0
AXENE,0
VIREO,0
CUEVA,0
FEDES,0
CAKTA,0
IXIAS,0
HALON,0
JAINS,0
JAINE,0
TONCA,0
TONKA,0
CAPET,0
CUBIS,0
ATOCA,0
APIDE,0
MONEL,0
MAMMO,0
LOASE,0
ASANA,0
LUZIN,0
GRAUX,0
WENZE,0
QUADO,0
LAKHS,0
NAIAS,0
KABIG,0
KABIC,0
VACOA,0
NASHI,0
TOBYS,0
DACHE,0
AZOBE,0
DUAUX,0
DIOTS,0
CHIRO,0
SKEET,0
MOAIS,0
SAKTI,0
BOIAR,0
ENEMA,0
MEZIG,0
SHIBA,0
CAJET,0
DAIRA,0
BAYLE,0
POTTO,0
FIXIE,0
STAMM,0
ILEAL,0
KREML,0
KALES,0
HOPAK,0
GOPAK,0
OSTEO,0
ASRAM,0
CALOS,0
GONIO,0
TRINS,0
DANIO,0
CAKTI,0
VELDT,0
EYRAS,0
INSTI,0
ARHAT,0
URSIN,0
AFARS,0
AFARE,0
JUMAR,0
NEBKA,0
YAKAS,0
KACHE,0
MUDRA,0
MOERE,0
MANAS,0
TUPIS,0
NABLE,0
DORIN,0
DIXIE,0
EXPAT,0
FELLE,0
NIOLU,0
NIOLO,0
THALI,0
BANON,0
OVEES,0
WENGE,0
ZOIDE,0
FLENU,0
TIFFE,0
WATTE,0
BROUM,0
SHANA,0
NIZAM,0
CARVA,0
LIGIE,0
DONUT,0
BITTU,0
CHOCO,0
GABIE,0
NORIS,0
KIEFS,0
GUEZE,0
LEPTE,0
FLEIN,0
DEUST,0
KHOIN,0
TEPUI,0
TAKAS,0
SETAR,0
CAYON,0
SIKHE,0
ALEMS,0
VELIE,0
PENTY,0
SCUTA,0
DIDOT,0
ELEIS,0
KYATS,0
LATIF,0
FUSEL,0
INTIS,0
INNUE,0
MONOI,0
BOBUN,0
BIRRS,0
IPPON,0
GLOUP,0
AMUIE,0
AMUIS,0
KAYAC,0
PLION,0
BOETE,0
DENTU,0
BERYX,0
BEHAI,0
ATEMI,0
KIVAS,0
XIEME,0
ANITE,0
ADJAR,0
HYPNE,0
RAVER,0
NAPEE,0
VISOU,0
BISOC,0
OVIDE,0
DAILS,0
LAPIE,0
TSUBA,0
GOGLU,0
BOTES,0
VARVE,0
DECIS,0
TIFOS,0
DELOT,0
MYLAR,0
SHIDO,0
OXERS,0
SAMOS,0
SAMUS,0
SAMIS,0
BIGOR,0
KOUBA,0
ADNEE,0
ADNES,0
SOCCA,0
BIBLI,0
INLAY,0
PODAL,0
FETAS,0
LAMBA,0
DAKIN,0
ALTEA,0
NEMIS,0
MAFES,0
TORYS,0
SOUMS,0
AISYS,0
CRAUX,0
CRAUS,0
HOKIS,0
RAIAS,0
MAIAS,0
NARSE,0
SOYAS,0
JALES,0
GUYOT,0
GILDE,0
SONAL,0
UNTEL,0
DEGUE,0
GORON,0
MAOHI,0
DHOTI,0
SAMIE,0
GADJE,0
PALOX,0
REIKI,0
PIEZE,0
PINUP,0
HOCCO,0
PAKOL,0
PEULE,0
MAFFE,0
RHETO,0
MANOU,0
WIDIA,0
PILET,0
RIADS,0
MUROL,0
MAURY,0
MIQUE,0
MYOME,0
MERLS,0
SARTS,0
ZANIS,0
JARDS,0
VIETS,0
VAIRS,0
UREES,0
UNIFS,0
TRICS,0
TAROS,0
SKIFS,0
SIUMS,0
SERES,0
SAIES,0
RUSHS,0
PEANS,0
OINGS,0
NELLS,0
NAFES,0
MOCOS,0
MAYES,0
MATUS,0
MAJES,0
LONES,0
KRAKS,0
KHOLS,0
KAWIS,0
KADIS,0
INNUS,0
IMANS,0
ILETS,0
GORDS,0
GOJIS,0
FOHNS,0
ETOCS,0
EMOUS,0
EJETS,0
ECOTS,0
DOCUS,0
DABES,0
CUCUS,0
CRETS,0
COBES,0
CHTIS,0
CEDIS,0
BOGES,0
BEUHS,0
ASPES,0
ARACS,0
ACULS,0
ACAIS,0
TOFUS,0
BUSCS,0
UBACS,0
NONOS,0
CORBS,0
BROUS,0
ORDOS,0
ALUNS,0
VELAS,0
HASTS,0
SKATS,0
ARAKS,0
PIANS,0
YANGS,0
GONES,0
LESTS,0
ASTIS,0
AJUTS,0
TAMAS,0
ADONS,0
FEUJS,0
COBZA,0
BIWAS,0
SPETS,0
MANTA,0
ELUAT,0
NOESE,0
NOEME,0
REAIS,0
HUSKY,0
GAZOU,0
PHYSE,0
PEDUM,0
KAREN,0
ZENDE,0
FASSI,0
OVATE,0
YUZUS,0
FUDGE,0
AGREG,0
OREES,0
SHOGI,0
LUFFA,0
TWEEN,0
ASSOS,0
MUNDA,0
PLEXI,0
LAPSE,0
JUNCO,0
PADEL,0
DIOLA,0
BOTOX,0
VIBRO,0
HYPHE,0
APIOL,0
RAITA,0
SOFTS,0
POLJE,0
PONOR,0
WUSHU,0
NIVES,0
THIOL,0
FADOS,0
TRIOL,0
CATAS,0
TAXOL,0
DONAS,0
DOLOS,0
JASSE,0
AWELE,0
AWALE,0
VARON,0
VLOGS,0
KORAS,0
RAKIS,0
WAQFS,0
GLEYS,0
SYLIS,0
ZIKRS,0
POLYS,0
TACTS,0
POGOS,0
KINAS,0
VATUS,0
YASSE,0
RAGAS,0
KELPS,0
PUROS,0
TIANS,0
KOANS,0
ERINE,0
SWAGS,0
KOLAS,0
OBITS,0
LEPTA,0
FLOES,0
PUJAS,0
IWANS,0
NEEMS,0
RIELS,0
SONES,0
SOMAS,0
TEFFS,0
FISCS,0
MOOKS,0
LIDOS,0
NAANS,0
GADES,0
LASSI,0
RAJAS,0
KARTS,0
GAURS,0
NERDS,0
CHUMS,0
MAARS,0
TINES,0
UMBOS,0
GIGAS,0
SUMOS,0
GOYIM,0
PHYLA,0
GLOME,0
SMOGS,0
ZOUKS,0
SILTS,0
TASER,0
TREKS,0
NIXES,0
SLIMS,0
BRENS,0
LAZES,0
SCATS,0
KERNS,0
YORKS,0
RECKS,0
SLAMS,0
RIFTS,0
MULLS,0
SOAPS,0
FOOTS,0
STOTS,0
GRIPS,0
SWAPS,0
JIHAD,0
PRODS,0
BOMES,0
UMAMI,0
RAMEN,0
GYROS,0
PREPA,0
ABOTS,0
COBEA,0
COBEE,0
YASSA,0
ZAZEN,0
GENAL,0
EPAIR,0
HOIRS,0
HARDS,0
CIRSE,0
ACHEB,0
KOTOS,0
ADRAR,0
CYCAS,0
AROLS,0
AROLE,0
EPITE,0
BOUDI,0
DIFFA,0
QUENA,0
FONIO,0
TRABE,0
ZUMBA,0
MODIF,0
KAWAI,0
PANAX,0
TAUDS,0
SCONE,0
GYRIN,0
TCHIN,0
EMOJI,0
ALDOL,0
GAURA,0
REDOX,0
ULNAS,0
DIVIS,0
FAMAS,0
MALIS,0
RANIS,0
TUTOS,0
BAINE,0
JUBES,0
ZORSE,0
MINIS,0
NITRO,0
DEWAR,0
BAGEL,0
SWAZI,0
NARCO,0
UVULA,0
SLURP,0
LORIS,0
BRAVI,0
FADET,0
PISCO,0
LOBIS,0
NABLA,0
TOMAN,0
OBELE,0
PENOS,0
HUTUE,0
PITES,0
DOULA,0
GASPS,0
RUMEX,0
DECAS,0
YOGAS,0
SOJAS,0
LOUFS,0
BOBBY,0
KHATS,0
DARCE,0
CUFAT,0
ZENDS,0
REDAC,0
KINES,0
PETRE,0
OXIME,0
DETOX,0
NIVAL,0
POTUS,0
PIVES,0
BIGES,0
AGNIS,0
SANZA,0
LEGES,0
XIANG,0
MARTE,0
SAMBO,0
IDEEL,0
POPAH,0
SKUAS,0
PUNAS,0
PIKAS,0
NOMAS,0
DIGON,0
MOKOS,0
LUMAS,0
KOMBU,0
HAKAS,0
TONFA,0
GLUIS,0
FLUOS,0
FAROS,0
TAGUA,0
LAUZE,0
ADDAX,0
FIEUX,0
ACTUS,0
ERSES,0
REBOT,0
TEUFS,0
DOUFE,0
GYOZA,0
AOUTS,0
LEMUR,0
TORII,0
SOLEA,0
IRONE,0
OLEUM,0
DINKA,0
LOMPE,0
ALULE,0
REDUC,0
VELUX,0
DOJOS,0
NERES,0
WAOUH,0
VIELE,0
ACMES,0
TUAGE,0
LYRAS,0
TALCS,0
URDUS,0
CAJUN,0
CHILE,0
VELAR,0
SERAN,0
TABAR,0
ZAMAK,0
GOUTU,0
NACHO,0
SHITS,0
ROUFS,0
ARECS,0
MEGAS,0
CONSO,0
MISSE,0
TEJUS,0
DECOS,0
SAKIS,0
SKAIS,0
TWEET,0
ROSTI,0
RANDO,0
CHAHS,0
AVALS,0
OCTAS,0
MYASE,0
COCAS,0
BOGEY,0
PONCH,0
QIBLA,0
QANUN,0
BURKA,0
RATTE,0
PECHU,0
ARGAN,0
PERFS,0
CHINO,0
HORAS,0
DEMOS,0
SOTHO,0
BOOST,0
SICAV,0
FUELS,0
DROPS,0
LOSES,0
SATAY,0
TWINS,0
TELLS,0
JERKS,0
PITOU,0
STUDS,0
CHOPS,0
BATCH,0
BUGGY,0
SOUES,0
ASPLE,0
UNIVS,0
ELAND,0
THANE,0
REDIE,0
BOURE,0
BOURS,0
REALE,0
STATS,0
JOTAS,0
STENT,0
ITEMS,0
MELIA,0
NORDE,0
REVIF,0
QUADS,0
TJALE,0
TAKIN,0
PRAME,0
PUTTI,0
DHOLE,0
YODEL,0
PADOU,0
PODIA,0
EPOXY,0
IMINE,0
SCATO,0
ABLES,0
YAWLS,0
CAGET,0
TACKS,0
SURFS,0
PUTTS,0
OPENS,0
TEDDY,0
DRUSE,0
HOSTS,0
FARTS,0
ALGAL,0
COOLS,0
GIRLY,0
UNAUX,0
UNAUS,0
HAIDA,0
SEXYS,0
RISTE,0
ECSTA,0
GNETE,0
GASBA,0
KAFIR,0
TALEB,0
TENGE,0
YEBLE,0
BENTO,0
FIOTE,0
GASPI,0
KETJE,0
SADHU,0
DURUM,0
HIJAB,0
NIQAB,0
BURQA,0
KYUDO,0
STUPA,0
FARSI,0
NIOLE,0
EPART,0
GRAFF,0
PONOT,0
NOYAT,0
BOUDU,0
MAYEN,0
SPEOS,0
SPART,0
PROJO,0
RADJA,0
HAKKA,0
RUMEN,0
ABDOS,0
ARTEL,0
SOTCH,0
AMISH,0
FOXEE,0
FOXES,0
SIREX,0
TOLAR,0
NAIRA,0
SALSE,0
RAPIA,0
LUMPS,0
COYER,0
SMOLT,0
PICON,0
CRUOR,0
BESAS,0
MUSLI,0
NYALA,0
HALAL,0
YEYES,0
ELEMI,0
HALBI,0
PESSE,0
JAINA,0
CAYES,0
MUSCS,0
SERTE,0
OCULE,0
EVOHE,0
SENAU,0
SEBKA,0
SHEOL,0
ESKER,0
SAITE,0
TATIE,0
SAIGA,0
SAROS,0
MUNGO,0
TCHAT,0
MEGIS,0
APPLI,0
VIBOR,0
NOVAE,0
FUGUS,0
GOBIE,0
STRIX,0
SARIN,0
PELTA,0
CAMEO,0
SEDUM,0
SEDON,0
CERCE,0
SALPE,0
CAPAS,0
ALYTE,0
CAYEU,0
KNACK,0
RABAN,0
REMIX,0
JOUAL,0
HARAM,0
PODIE,0
KOPPA,0
GUGUS,0
SHAMA,0
KIKIS,0
KSARS,0
KANAS,0
MATOS,0
CAGEE,0
KSOUR,0
KANAK,0
TYPON,0
ILIEN,0
AJOUR,0
BURLE,0
ASINS,0
BLAPS,0
DISPO,0
PADAN,0
CONDO,0
GARAT,0
BUGGE,0
SPHEX,0
EDITO,0
JUSEE,0
IRIEN,0
COXAS,0
SUBER,0
IODLE,0
KILIM,0
SYRAH,0
FONGE,0
DONAU,0
TARAF,0
SURIS,0
BREDE,0
HARLE,0
RISER,0
BRIEE,0
BANAT,0
BACUL,0
BORIN,0
ASSEC,0
MAULS,0
DIALS,0
CANTS,0
FLOWS,0
POSTS,0
NECKS,0
MIXES,0
LACKS,0
SCANS,0
GORES,0
STEMS,0
DECKS,0
WHIPS,0
CALLS,0
RAFTS,0
FATES,0
DUNKS,0
ASSES,0
PUROT,0
SHOTS,0
STILB,0
PINNE,0
PALLE,0
COCCI,0
CLAYS,0
ACYLE,0
WIKIS,0
WRAPS,0
SPAMS,0
RANDS,0
RACKS,0
PUCKS,0
MUSTS,0
KITES,0
GEEKS,0
GURUS,0
FANGS,0
FAKES,0
FUNKS,0
EXONS,0
DIOLS,0
DOITS,0
DOUCS,0
DRAMS,0
CLUES,0
CLAPS,0
CRIBS,0
CADES,0
BORES,0
BORTS,0
ANILS,0
AULAS,0
ACINI,0
ECOTE,0
CAGOU,0
WINCH,0
BEROT,0
ECHES,0
ECHEE,0
ANEES,0
LOURE,0
BIBUS,0
GADJI,0
CATIS,0
DJAIN,0
RAYAS,0
LAYES,0
BAUDS,0
CRIAS,0
DRAFT,0
DURIT,0
ACORE,0
GAVOT,0
HOUES,0
FLUES,0
VOISE,0
VINAS,0
DOSSE,0
DOLIC,0
SITAR,0
BARDS,0
TAFFE,0
KONGO,0
XIPHO,0
SASSA,0
MORIO,0
RAPPE,0
RAGUE,0
RADEE,0
PUCHE,0
PETAS,0
PEGUE,0
ZARBS,0
CRADE,0
OGHAM,0
LAPEE,0
JUTES,0
JONCE,0
GYRES,0
FRITA,0
PAGRE,0
FUTON,0
BEUSE,0
ABERS,0
POUET,0
NATEL,0
CAION,0
BOBET,0
ESSES,0
PAGER,0
KAONS,0
ENTES,0
CODON,0
BIKER,0
REDUS,0
FLAGS,0
CREMA,0
CODAS,0
CLAVE,0
CHOPA,0
CHIAS,0
LARIS,0
GRAUS,0
DENAR,0
KUNAS,0
CAVAS,0
BUSEE,0
BRASE,0
BLESE,0
LITAS,0
PULAS,0
BIPAS,0
BINES,0
BELES,0
BADAS,0
BOKIT,0
CLITO,0
ACTEE,0
TAINO,0
ELBOT,0
MURGE,0
RAVAL,0
FERLE,0
TAXON,0
PIPIT,0
ZAINS,0
UVEES,0
AROBE,0
PERMS,0
BINEE,0
RUCKS,0
ARSIS,0
RISSE,0
WELSH,0
ABEES,0
NUCAL,0
FILAO,0
IGLOU,0
ORIEL,0
SUPPO,0
COLOC,0
DZETA,0
CARIA,0
FLYER,0
NAGEE,0
BURAT,0
KEKES,0
ENFEU,0
MULCH,0
OSQUE,0
CACOU,0
ZARMA,0
AICHE,0
MUONS,0
HUONS,0
SIRLI,0
PATAS,0
OCULI,0
MACRE,0
LETTE,0
INDRI,0
HERPE,0
GANGA,0
ERBUE,0
DRAYE,0
ACCON,0
USNEE,0
VELET,0
VELOT,0
VELTE,0
VENET,0
LIGOT,0
GARIS,0
BELEE,0
RABAB,0
CHORE,0
RECAP,0
TITUS,0
KAMIS,0
PEKAN,0
VOMER,0
ISSAS,0
ATELE,0
ANONE,0
ARZEL,0
TRIKE,0
TAVEL,0
BULOT,0
TILLA,0
JUMEL,0
AVOYE,0
SUAGE,0
MANON,0
GAYAL,0
TAGAL,0
ECOIN,0
ECANG,0
PIERS,0
FARIO,0
VAGAL,0
KAGOU,0
OEILS,0
JAYET,0
ULEMA,0
KERMA,0
GUILI,0
COMBI,0
COMBO,0
CARBO,0
GROIE,0
CONDE,0
GRUON,0
BAYOU,0
CENNE,0
BUVEE,0
TAUON,0
ZEINE,0
ZANNI,0
DAHIR,0
FOVEA,0
ALGIE,0
ARSIN,0
TRAPP,0
JAQUE,0
ZLOTY,0
ARCHI,0
GLOSS,0
ALDIN,0
ATIPA,0
BONGO,0
HURES,0
INFOS,0
JACKS,0
KATAS,0
GOALS,0
KEUFS,0
KEUMS,0
KICKS,0
KILTS,0
GIFTS,0
LADYS,0
GENTS,0
LANDS,0
LEGOS,0
GALES,0
LIEDS,0
LIFTS,0
LINOS,0
LOFTS,0
LORDS,0
FOLKS,0
FLOPS,0
MAMYS,0
MAXIS,0
MEMOS,0
EXAMS,0
MEUFS,0
EUROS,0
MIMIS,0
NARDS,0
NOVAS,0
DONGS,0
PAPYS,0
DEALS,0
DAHUS,0
PITAS,0
PROCS,0
COLTS,0
RAPTS,0
RIALS,0
RIENS,0
ROTOS,0
CAPOS,0
BYTES,0
SKINS,0
BRAIS,0
SONOS,0
SPICS,0
BOOKS,0
BEDES,0
TACOS,0
TAELS,0
TEMPI,0
BAHTS,0
AXELS,0
TONGS,0
TOUTS,0
TRIPS,0
YOYOS,0
YUANS,0
JOJOS,0
ISSUS,0
HOPIS,0
PACAS,0
SISES,0
ANAUX,0
BROUE,0
JULIE,0
BLUET,0
FUIES,0
LOGIN,0
MIMAS,0
ROTES,0
BOXES,0
TRAIE,0
TABLA,0
RASAS,0
TAPAS,0
PROXY,0
BAZOU,0
TONER,0
THYMS,0
SKATE,0
SAFOU,0
SUIDE,0
CANAR,0
BUTOS,0
BACHI,0
MARAS,0
ACONS,0
BOLUS,0
FEUIL,0
SEMAI,0
GLOSA,0
BOLOS,0
SABAR,0
MANAT,0
RAKUS,0
BLOGS,0
JUINS,0
ZARBI,0
GOGOL,0
SHONA,0
RITAL,0
SEXTO,0
DUDIT,0
KONDO,0
TRASH,0
VELLE,0
ZABRE,0
HYPER,0
BAHAI,0
DEBYE,0
BORIE,0
CODEC,0
TORRS,0
BRION,0
SURAL,0
PSOAS,0
YETIS,0
ATACA,0
BIMBO,0
IMPRO,0
COYAU,0
PANGA,0
KALIS,0
RAGGA,0
UGNIS,0
LABRI,0
NILLE,0
TANGA,0
CHENI,0
LADIN,0
TONDO,0
BIPER,0
UVULE,0
KAWAS,0
RHEME,0
KRISS,0
CHAPO,0
MEZZE,0
ZAKAT,0
TAMIA,0
MOSAN,0
LIGHT,0
BAGGY,0
INUIT,0
HALDE,0
PATOU,0
ROVER,0
RATEL,0
KRIEK,0
FLETS,0
XHOSA,0
BLINI,0
MYTHO,0
PERSO,0
FILMO,0
BINDI,0
AGADA,0
REBEU,0
BLAST,0
BIDOU,0
LIMBA,0
ORDIS,0
CHILI,0
FOUGE,0
BAGAD,0
RHINO,0
ZOILE,0
XYSTE,0
VINEE,0
VESOU,0
URATE,0
TUTIE,0
TROLE,0
TRANS,0
TOURD,0
TOUEE,0
TMESE,0
TIQUE,0
TETIN,0
TETTE,0
TARGE,0
TAPON,0
TALED,0
TACET,0
SUROS,0
SUCON,0
STRAS,0
SORBE,0
SOLIN,0
SEXTE,0
SEVIR,0
SERAC,0
SEIME,0
SAURE,0
SANVE,0
SAJOU,0
SAMIT,0
SALEP,0
ROSSE,0
ROBRE,0
RHUMB,0
REPIC,0
REBEC,0
RAMIE,0
QUINT,0
BEMBA,0
PRELE,0
POUAH,0
PILAU,0
PETUN,0
PENIL,0
PELTE,0
PALEE,0
PAGEL,0
OROBE,0
OBIER,0
NOUET,0
NEUME,0
NECRO,0
NAPEL,0
MORVE,0
MENSE,0
MEGIE,0
LOOCH,0
LIURE,0
LEVIS,0
LEUDE,0
LABIE,0
JUGAL,0
JOCKO,0
JARDE,0
JACEE,0
JALAP,0
INULE,0
ICHOR,0
HUHAU,0
GREBE,0
GLUAU,0
GESSE,0
GELIF,0
GECKO,0
FUNIN,0
FALOT,0
ETEUF,0
EPOIS,0
EPHOD,0
ELYME,0
ELAVE,0
DULIE,0
DOUCI,0
DOTAL,0
DALOT,0
CRASE,0
COUVI,0
COXAL,0
COPAL,0
CIRRE,0
CIPPE,0
CHYME,0
CERAT,0
CAIEU,0
BISET,0
BACHA,0
AUNEE,0
AUGET,0
AUGEE,0
FERAL,0
CHIAC,0
FEUES,0
LAHAR,0
CYANS,0
LIMAN,0
PITTA,0
JORAN,0
THAIS,0
THAIE,0
ARMON,0
ARACK,0
APYRE,0
APHTE,0
ANNAL,0
AMOME,0
ALLEU,0
AIREE,0
ACCOT,0
ACCUL,0
ACARE,0
ATHLE,0
PRASE,0
PATRO,0
CHEBA,0
STEPS,0
INCUS,0
CLAMP,0
VIGIL,0
SCOPE,0
ETHOS,0
LYRIC,0
SHIFT,0
TREND,0
TOPIC,0
SCARE,0
FANCY,0
PANIC,0
WEDGE,0
SMURF,0
GLUON,0
SQUAT,0
CORGI,0
LODGE,0
CLAIM,0
CLICK,0
NINJA,0
SPECK,0
SCHWA,0
SHELF,0
VEGAN,0
NAVEL,0
SLASH,0
PILOT,0
PITCH,0
CROWN,0
SPACE,0
HOUSE,0
CLOUD,0
SLIDE,0
TRAIL,0
QUBIT,0
BLACK,0
DIGIT,0
SALAR,0
RAMAT,0
GRANA,0
EMBUT,0
BEURE,0
VENDA,0
TRIGO,0
SELVA,0
MECHA,0
DOBRA,0
CASTA,0
CASCO,0
ACHAR,0
POTET,0
MORNA,0
FJELL,0
BANNE,0
SPARE,0
SALAT,0
LAGER,0
TILDE,0
VARNA,0
HOSTA,0
CHECK,0
VISTA,0
SCOPA,0
CORPO,0
ASSAI,0
GLIDE,0
FALLE,0
ALTER,0
LITRA,0
LAUSE,0
LAPSI,0
YUCCA,0
BLIND,0
BESET,0
AFROS,0
KANAT,0
IXODE,0
ACRAS,0
TIPIS,0
KURUS,0
BANTU,0
KEMIA,0
WISKI,0
SUSHI,0
PROBA,0
HARKA,0
FRASE,0
DASHI,0
BAILE,0
ANTES,0
POMBE,0
NDAMA,0
MAMBA,0
ZAMIA,0
VAPOS,0
LARIX,0
FOSSA,0
FOCUS,0
FANUM,0
CANNA,0
ARENA,0
BIGOS,0
MUSCU,0
TACCA,0
DENTI,0
PANCA,0
GAMET,0
CIPRE,0
TAXIE,0
SANGO,0
PESTO,0
BELGA,0
SCHAH,0
FUSTE,0
VULGO,0
CIRCA,0
XERUS,0
KENDO,0
INTRO,0
CUPRO,0
ALIEN,0
CARVI,0
AIEUX,0
AMICT,0
GEOLE,0
GATTE,0
GANJA,0
DREGE,0
CRISS,0
CRAVE,0
COLEE,0
COATI,0
BASSA,0
AFFIN,0
ADENT,0
RELAI,0
SORGO,0
CEGEP,0
EXEMA,0
FIOUL,0
ERGOL,0
AMIGO,0
DRONE,0
DIVOT,0
PIXEL,0
MAPPE,0
LIDAR,0
RELOU,0
SMALT,0
NIETS,0
HOURD,0
BRIEF,0
DIRLO,0
DAMAN,0
MODAL,0
IAMBE,0
TURNE,0
QUICK,0
AFTER,0
LEONE,0
CADIS,0
MALON,0
OEUVE,0
TANNE,0
PSORE,0
PARSE,0
LAITE,0
OUFTI,0
DANCE,0
BIOME,0
DEGUN,0
DREVE,0
ACCRO,0
NEFLE,0
PADRE,0
EAGLE,0
CEDEX,0
SWEAT,0
GLUME,0
EXINE,0
DRUPE,0
LINGA,0
CORME,0
AKENE,0
DOGON,0
PRION,0
SHEDS,0
FOILS,0
GUEDE,0
SPUME,0
CHOKE,0
BULGE,0
ORIYA,0
QUEER,0
TETRA,0
MAZOT,0
FARAD,0
AZERI,0
SPITZ,0
MODEM,0
QUIPO,0
WOLOF,0
STONE,0
ABACA,0
FATWA,0
KANJI,0
MANGA,0
TAXER,0
RAMER,0
DORER,0
NEGUS,0
ROTOR,0
CHICS,0
EBAHI,0
DOGES,0
SORTS,0
TUNES,0
AEREE,0
VIGIE,0
RONCE,0
FILIN,0
CALIN,0
CATCH,0
HYENE,0
GLEBE,0
ETOLE,0
DECHE,0
DAGUE,0
BENNE,0
FRAYE,0
HUPPE,0
MUREE,0
REGIR,0
IMPEC,0
HEBDO,0
SNOBS,0
COPTE,0
MARKS,0
ORAUX,0
PELEE,0
PONDU,0
RAPEE,0
MAURE,0
VEULE,0
SEANT,0
PAVOT,0
OGIVE,0
GROOM,0
BADIN,0
GROIN,0
OZONE,0
SNACK,0
PAMPA,0
NANTI,0
AIGRI,0
CRIEE,0
BOISE,0
ACRES,0
GALBE,0
LOUES,0
GEINT,0
MUNIR,0
HUMER,0
JULOT,0
VROUM,0
OSONS,0
FEVES,0
PULLS,0
ABATS,0
BOERS,0
SENSE,0
PAGNE,0
OUSTE,0
NAVET,0
LATEX,0
DUPER,0
LUPIN,0
RADON,0
MUSES,0
BRUNI,0
SALIE,0
PARUE,0
MALTE,0
TARIR,0
OUCHE,0
MARLE,0
COCOS,0
SPINS,0
TRIES,0
BARDA,0
PAONS,0
ROIDE,0
RENAL,0
POTIN,0
NOCIF,0
LUBIE,0
COTRE,0
BERYL,0
LABEL,0
EMERI,0
CAMUS,0
BRIBE,0
BATTE,0
CARAT,0
CADUC,0
PESES,0
TIARE,0
ETAYE,0
EGAYE,0
CUVER,0
MINER,0
NICOL,0
INCAS,0
SKIFF,0
PORNO,0
CRANS,0
SENNE,0
OCRES,0
VISAS,0
PROLO,0
ABBES,0
DINGO,0
ZESTE,0
STEAK,0
BOXER,0
HELLO,0
METEO,0
MASSA,0
FOCAL,0
FLUET,0
CATIN,0
CAGNA,0
FERTE,0
RUANT,0
PRIEE,0
FUSER,0
GAVER,0
MOSSI,0
FREMI,0
MASER,0
PUNKS,0
MANIF,0
SABIN,0
ZAZOU,0
GNONS,0
FRETS,0
RAVES,0
RUSEE,0
FELEE,0
RELUS,0
TARIE,0
FIEFS,0
BANCO,0
PEGRE,0
MANNE,0
CAHOT,0
BENET,0
APPAS,0
LUNCH,0
TAPIR,0
BASTA,0
IMAGO,0
GREGE,0
FILME,0
SAPER,0
TATAR,0
AVIVE,0
PLOUF,0
BLAIR,0
MAMBO,0
OGRES,0
POUFS,0
OURLE,0
BACLE,0
SOUTE,0
CHAIS,0
BAFFE,0
MAORI,0
VULVE,0
PAVIE,0
PEAGE,0
NABOT,0
LANGE,0
BIGRE,0
BARIL,0
THONS,0
TRIPE,0
LASER,0
PAPAS,0
EMULE,0
KRAFT,0
LAPIS,0
GNOLE,0
CUREE,0
RESTO,0
FELIN,0
AXONE,0
SAPEE,0
GIBUS,0
ELIME,0
ARQUE,0
LIRES,0
COCUS,0
VEUFS,0
FRITS,0
CRAME,0
CHIOT,0
SERIN,0
RAPIN,0
PUBIS,0
ETRON,0
BROIE,0
TUTTI,0
CRAWL,0
CLASH,0
WHARF,0
SPEED,0
HYDRE,0
GIGUE,0
DERME,0
FLUOR,0
ANION,0
SERTI,0
CRIES,0
RIVEE,0
PATIR,0
MURER,0
ALGOL,0
BOGIE,0
CADDY,0
MINOT,0
EMBUE,0
LIAGE,0
SOULE,0
MATES,0
PROTE,0
CORSO,0
TISON,0
SPATH,0
PICOT,0
OBOLE,0
NASSE,0
GIBET,0
AGRES,0
LAITS,0
ANODE,0
KAYAK,0
OUIES,0
IODEE,0
FERIR,0
COMPO,0
PAGUS,0
CADOR,0
MOTEL,0
DUELS,0
DARDS,0
PLOTS,0
SEVES,0
BOUCS,0
SPOTS,0
RAGES,0
MINEE,0
VIRAL,0
BASAL,0
BOXON,0
SUINT,0
RABOT,0
MUCUS,0
LUCRE,0
KYSTE,0
JALON,0
FONTS,0
FIFRE,0
CABAN,0
BONZE,0
GNOME,0
DIESE,0
TIBIA,0
LIMES,0
MIAOU,0
DUCHE,0
ARGUS,0
GAVES,0
GALLE,0
HALES,0
FANER,0
BAYER,0
LEBEL,0
CROCO,0
RODEZ,0
PILEE,0
MICAS,0
POPES,0
SOUKS,0
INDUS,0
PRIMA,0
CALLE,0
TARIS,0
TRIME,0
AUDIO,0
ARDUS,0
LUSIN,0
TETEE,0
TAPEE,0
SOSIE,0
SEING,0
RUOLZ,0
ROUET,0
ORTIE,0
OISIF,0
MARLI,0
LOPIN,0
FILOU,0
FEMUR,0
MEDIA,0
SCORE,0
AVISO,0
FRITE,0
JOUTE,0
CELTE,0
ALOES,0
VICIE,0
DODUE,0
ACERE,0
AGATE,0
TESLA,0
BECTE,0
GANTE,0
VIRES,0
PELES,0
BIFFE,0
LESES,0
SIKHS,0
PERME,0
KODAK,0
BOOTS,0
HONNI,0
LAIUS,0
ETUIS,0
RIXES,0
CAIDS,0
BITES,0
FUTES,0
DARDE,0
CODEE,0
TUEES,0
TITAN,0
ROTIE,0
MOTUS,0
ALIZE,0
STICK,0
LUPUS,0
GLANE,0
ATONE,0
AORTE,0
BEGUE,0
BEAUF,0
SEPIA,0
SAUGE,0
AMINE,0
BUTES,0
MISER,0
PELER,0
COUIC,0
VECES,0
PAPOU,0
CANGE,0
MARCS,0
ELFES,0
STASE,0
RECTA,0
POTEE,0
KRACH,0
CAMEE,0
TETUS,0
SURGE,0
ROQUE,0
GAROU,0
DEVOT,0
LASSO,0
GRIOT,0
SCOOP,0
ECLOS,0
EVASE,0
REELU,0
LOVEE,0
CEDES,0
BOUME,0
HELER,0
RUGIR,0
REGLO,0
MURIE,0
PLOUC,0
JEEPS,0
MOUES,0
NENES,0
EDITS,0
CEPES,0
SUEES,0
FERUS,0
PLOYE,0
POLAR,0
LOBBY,0
SINUE,0
RUADE,0
RICIN,0
PAQUE,0
MYRTE,0
MANES,0
IRISE,0
DRIVE,0
BANJO,0
HALOS,0
HENNE,0
BEVUE,0
PIETA,0
ESTER,0
BITTE,0
GAVEE,0
CEDEE,0
BRIME,0
MIRER,0
LOVER,0
JEREZ,0
NAVES,0
CRADO,0
FETUS,0
WHIGS,0
REPUS,0
SAUFS,0
PAIES,0
TONTE,0
SALIN,0
PLEUR,0
NORIA,0
CEANS,0
FAIMS,0
ASPIC,0
ARCON,0
PRUDE,0
JEANS,0
FUCUS,0
DOLCE,0
SCALP,0
CLAIE,0
CELLA,0
BELON,0
AGORA,0
CIGUE,0
NONCE,0
ANALE,0
GRENU,0
DENIE,0
VEXES,0
GLOSE,0
HALEE,0
JASPE,0
FIANT,0
JASER,0
CURER,0
MUGIR,0
PYREX,0
UZBEK,0
EVIDE,0
RUPIN,0
GANGS,0
BROCS,0
SOFAS,0
REAUX,0
ZELES,0
AVILI,0
RAQUE,0
DIMES,0
VOMIS,0
EMUES,0
GNOUF,0
GRUAU,0
VENAL,0
VELIN,0
TANIN,0
SHAKO,0
RECEL,0
RECIF,0
PLAID,0
PILOU,0
PALAN,0
OTITE,0
LUTIN,0
LOCHE,0
GORET,0
ECOPE,0
DOGUE,0
COUAC,0
AULNE,0
RANCH,0
RELAX,0
STAFF,0
BLOCK,0
HERBU,0
GUANO,0
ABOUT,0
SERBE,0
PINTE,0
CLAPE,0
RIMER,0
PALIE,0
NINAS,0
PASEO,0
FATMA,0
RODEO,0
CUCUL,0
DURAS,0
FRITZ,0
SEBUM,0
NODAL,0
GONGS,0
FROCS,0
NOELS,0
BISES,0
TONAL,0
SABIR,0
CHIPS,0
PIPIS,0
MULOT,0
LAVIS,0
FERIE,0
MUTIN,0
FAKIR,0
COLZA,0
TWIST,0
MACHO,0
DISCO,0
GRIVE,0
GOUGE,0
FLINT,0
DEDIT,0
CUMIN,0
CROUP,0
CHENU,0
LIARD,0
GAZES,0
CHOME,0
CHIPE,0
BIGLE,0
ALESE,0
COITE,0
RAPES,0
DAUBE,0
CARDE,0
DOSEE,0
CODER,0
ROTER,0
LIMER,0
HASCH,0
MAYAS,0
PENCE,0
LOESS,0
GOGOS,0
LOIRS,0
CARIS,0
BUSES,0
TELES,0
YARDS,0
VELUS,0
JAPPE,0
FILEE,0
FURAX,0
NABAB,0
USITE,0
TENON,0
PATIS,0
NASAL,0
PENNY,0
COBRA,0
LUMEN,0
MAMMA,0
RIDER,0
DUCAL,0
BRAYE,0
AXIAL,0
GABLE,0
BALTE,0
ECRUE,0
JUREE,0
DARON,0
TACOT,0
PULSE,0
ECHUE,0
BASER,0
SALER,0
PAMER,0
FORER,0
BORDJ,0
TORAH,0
NOUBA,0
PENTU,0
ISBAS,0
GEAIS,0
GALAS,0
BOUMS,0
BOBOS,0
BLEDS,0
ZINCS,0
INNES,0
SAURS,0
DODUS,0
AERES,0
BIOTE,0
AUNES,0
LAGON,0
CLONE,0
LODEN,0
TRIAS,0
TOTON,0
SIXTE,0
PONEY,0
BABIL,0
GOURD,0
BADGE,0
RIFLE,0
SMASH,0
OVINE,0
LAZZI,0
RABBI,0
MIDIS,0
TESTA,0
HYMEN,0
BROUT,0
BORAX,0
AMIBE,0
CRACK,0
EXPIE,0
GEMIS,0
RODEE,0
SCIEE,0
BRADE,0
ABOYE,0
FORCI,0
MUTER,0
ROSIR,0
FADER,0
HALER,0
BITOS,0
THORA,0
MAOUS,0
HADAL,0
CHOYE,0
SMALA,0
AVINE,0
ETAME,0
BLEUI,0
PACKS,0
PARAS,0
PESOS,0
CLIPS,0
TAIES,0
TUTUS,0
TYPOS,0
VAPES,0
REPUE,0
DRUES,0
LIRAS,0
HAVES,0
DIODE,0
FRAIE,0
DIXIT,0
THUYA,0
PLEBE,0
PALIS,0
NANAN,0
NARRE,0
LURON,0
LINON,0
ENCAN,0
SYLVE,0
TAIGA,0
COACH,0
CLEAN,0
SWING,0
TURCO,0
ATOLL,0
ICTUS,0
FJORD,0
CUVEE,0
ARROI,0
AMBLE,0
CORON,0
RACEE,0
EPILE,0
LESEE,0
OMISE,0
MIMEE,0
DECRU,0
PAMEE,0
CILLE,0
TRIEE,0
LAPER,0
LACER,0
FOUIR,0
BENEF,0
MELBA,0
PINOT,0
DRING,0
ABETI,0
XERES,0
DAIMS,0
DADAS,0
SOLOS,0
BIBIS,0
COTEE,0
ADULE,0
RONDO,0
TROPE,0
TOLLE,0
TENIA,0
SPORE,0
SANIE,0
AUDIT,0
BAFRE,0
AVENU,0
CREEK,0
TRIAL,0
SAUNA,0
NERVI,0
DARSE,0
CREPU,0
ANETH,0
NADIR,0
WHIST,0
IMBUE,0
TEXTO,0
ALEPH,0
MAQUE,0
FELES,0
RODES,0
PETES,0
CAQUE,0
EPIEE,0
OSEES,0
VELER,0
PILER,0
JUTER,0
GODER,0
MOGOL,0
MALTS,0
KYRIE,0
POLIO,0
SAHIB,0
GAIZE,0
GADIN,0
RUMBA,0
FUTAL,0
LOPES,0
FAONS,0
PINES,0
CACAS,0
SOIFS,0
BABAS,0
TRAMS,0
ARUMS,0
ACCUS,0
IMBUS,0
BRAVA,0
PISSA,0
ROUEE,0
RUEES,0
AVENT,0
AMPHI,0
ANIER,0
TETON,0
SCION,0
ROUAN,0
RECRU,0
RAGOT,0
MANTE,0
LOTTE,0
CANIN,0
AUBIN,0
ARYEN,0
FATUM,0
RATIO,0
ISARD,0
HUCHE,0
DOUVE,0
BARGE,0
ANCHE,0
VESPA,0
LICOL,0
LICOU,0
BANDA,0
RAOUT,0
BASIC,0
LIMBE,0
BLEMI,0
FICHA,0
ZONER,0
SYRTE,0
HATEE,0
LINER,0
FINNS,0
HELIO,0
TANKA,0
AMPLI,0
MATAF,0
HIPPY,0
MERLU,0
HEVEA,0
LUGER,0
INDIC,0
GREES,0
BEURK,0
ZIGUE,0
ZAIRE,0
QUOTA,0
LYRES,0
ETAUX,0
COITS,0
CINES,0
BUEES,0
SODAS,0
STUCS,0
AUGES,0
ZIZIS,0
BEATS,0
LOTIE,0
LOTIS,0
LOVES,0
PROTO,0
TEXAN,0
ALITE,0
YOUPI,0
SARDE,0
CATHO,0
TARSE,0
PTOSE,0
PEROT,0
PALOT,0
MOTET,0
LIRON,0
LACTE,0
ERGOT,0
BOLET,0
SHUNT,0
LOCUS,0
ASTER,0
PUINE,0
SONAR,0
BISOU,0
DRILL,0
BETTE,0
ARGOL,0
FURET,0
MENON,0
ZELEE,0
IGNEE,0
AUTAN,0
FECES,0
PROBE,0
AHANE,0
HATES,0
FRETE,0
FORES,0
DUPEE,0
MURIS,0
MUTES,0
AXEES,0
ROUER,0
LESER,0
CANER,0
RAPER,0
DOURO,0
HUTIN,0
HUART,0
ANARS,0
MACHA,0
GOTHS,0
ADONC,0
TONIC,0
FOUTA,0
ECOLO,0
AMIDE,0
GARUM,0
SULKY,0
CHIEE,0
PADDY,0
GITON,0
LIMBO,0
MUANT,0
GRILS,0
LOCOS,0
EXILS,0
MOUTS,0
ORBES,0
RINGS,0
BOCKS,0
BOMBA,0
LISES,0
NAGES,0
TAONS,0
FAYOT,0
TORIL,0
SPAHI,0
QUINE,0
PHLOX,0
PEPIE,0
ILION,0
FUTEE,0
DOUAR,0
DEBET,0
CAPON,0
CABRI,0
AJONC,0
SMART,0
SECCO,0
GENTE,0
VELUM,0
VARIA,0
FAMES,0
GOULU,0
BRIZE,0
AMYLE,0
LINKS,0
PANEL,0
LOTOS,0
COING,0
ILOTE,0
MIRES,0
GANSE,0
ERODE,0
FASCE,0
MADRE,0
VAQUE,0
LACES,0
OBEIE,0
GLAPI,0
CASEE,0
TANCE,0
VOMIE,0
COTER,0
BINER,0
SKIER,0
RIPER,0
JACOT,0
VROOM,0
LEXIS,0
ATMAN,0
DERNY,0
HOULA,0
PERRE,0
MAHDI,0
INVAR,0
LOTTA,0
LITHO,0
BARYE,0
MONOS,0
LIVET,0
NEPER,0
HORST,0
CREAT,0
BURES,0
POUIC,0
DESKS,0
DELCO,0
DINES,0
VARUS,0
PARKA,0
ELIDE,0
MAZET,0
DYADE,0
LAGAN,0
KAPOK,0
SALOP,0
HOTUS,0
HERES,0
GUETS,0
JAVAS,0
KAPOS,0
LAMAS,0
LICES,0
FIFIS,0
MELOS,0
DIAMS,0
CRICS,0
ROCKS,0
BIEFS,0
TORES,0
ZOZOS,0
EPIES,0
LARDE,0
OINTS,0
RELUE,0
TAREE,0
AMATI,0
VENTA,0
HOURI,0
STERE,0
AGNEL,0
ATRES,0
TILLE,0
RAMAS,0
PANSU,0
NENNI,0
MENIN,0
MARRI,0
LAIZE,0
ILEON,0
GRIME,0
GERCE,0
FELON,0
DEGAT,0
SNIFF,0
NOISE,0
GRILL,0
LARGO,0
LIPPU,0
GILLE,0
CYCLO,0
STOUT,0
ESTOC,0
FECAL,0
EXEAT,0
EPIEU,0
DEITE,0
COSSE,0
CHYLE,0
CAREX,0
BUGLE,0
BETEL,0
AVERS,0
ANGON,0
AMURE,0
FAMEE,0
BOGUE,0
DRINK,0
PALET,0
OBVIE,0
AZYME,0
VINES,0
TERCE,0
HUANT,0
CAFTE,0
LOTIR,0
DOUER,0
CELER,0
MOLLI,0
PANER,0
RONEO,0
LAIRD,0
AVENS,0
HECTO,0
BOUIF,0
AIOLI,0
KARST,0
SISAL,0
FAVUS,0
HANSE,0
FADAS,0
BARJO,0
ITERE,0
RANCI,0
SEXUE,0
BIRBE,0
RIPOU,0
AJOUT,0
HOMES,0
HEURS,0
GROGS,0
LUTHS,0
MOKAS,0
NEVES,0
OYATS,0
CZARS,0
SIRES,0
SLOWS,0
BONIS,0
BILLS,0
TITIS,0
TRIOS,0
YACKS,0
ZEBUS,0
LARES,0
FEAUX,0
VILES,0
OCREE,0
OURDI,0
MARRA,0
MITEE,0
CANES,0
BISSE,0
TAXEE,0
CANDI,0
URANE,0
TATOU,0
RADIE,0
QUEUX,0
NONES,0
LADRE,0
FENIL,0
FANON,0
DENTE,0
CAGOT,0
BASTE,0
ALISE,0
STUKA,0
PROMO,0
AZURE,0
LENTO,0
HASTE,0
SALAM,0
SPRAY,0
GOLEM,0
GAMAY,0
DRIFT,0
CEPEE,0
ALENE,0
TACLE,0
HOBBY,0
ARGON,0
INDUE,0
SIGMA,0
DATTE,0
PENNE,0
LIBER,0
GRUME,0
KURDE,0
ROSER,0
CALTE,0
TALES,0
FETEE,0
MATEE,0
MEDIT,0
RIMEE,0
SUCEE,0
GITER,0
VINER,0
RAGER,0
GAZER,0
FELER,0
BELER,0
TUBER,0
PERCO,0
VERIF,0
FLOCS,0
ORLON,0
ALPAX,0
RENON,0
TOKAI,0
CAURI,0
BLITZ,0
HOMOS,0
KACHA,0
DEVON,0
ALIOS,0
AMANS,0
PAPET,0
TURBE,0
FURIA,0
FLUSH,0
IPECA,0
SPRAT,0
MANSE,0
MUCOR,0
VARAN,0
RACER,0
ASINE,0
AMMAN,0
DIVES,0
ALTOS,0
GAGAS,0
OBERE,0
FERIA,0
CLIVE,0
ARASE,0
PANTE,0
LICHE,0
VOUGE,0
IMAMS,0
KAKIS,0
GNOUS,0
LABOS,0
LARDS,0
LUXES,0
ESTES,0
EDENS,0
DYNES,0
DRAGS,0
DENIS,0
PUMAS,0
COMAS,0
SAGAS,0
CAKES,0
BLOTS,0
STOPS,0
SUIES,0
TALAS,0
TATAS,0
BANGS,0
TOGES,0
TROCS,0
LAIES,0
SURIE,0
COCUE,0
PETEE,0
ETAIE,0
OINTE,0
PANEE,0
SNOBE,0
BAVES,0
CURRY,0
OGNON,0
TROLL,0
KARMA,0
MIXER,0
YEUSE,0
VOYER,0
TIRET,0
SUMAC,0
RAMEE,0
RAJAH,0
PONGE,0
PILAF,0
PIGNE,0
PAPAL,0
NITRE,0
MUREX,0
LEMME,0
JULEP,0
JUNTE,0
CAGUE,0
LORRY,0
MORES,0
BLOOM,0
INPUT,0
BINGO,0
JOKER,0
REDAN,0
GALLA,0
MOLTO,0
MEZZO,0
MANDA,0
DRAIN,0
INFUS,0
FESSU,0
ECALE,0
DRAVE,0
BOLDO,0
BEGUM,0
BAGOU,0
APNEE,0
ALVIN,0
VOTIF,0
HAIRE,0
HADJI,0
FERUE,0
SAFRE,0
KHMER,0
HAPAX,0
VIVAT,0
BEZEF,0
GOBES,0
DOPES,0
LUMES,0
NOVES,0
GAUDI,0
NIEES,0
MISEE,0
FEULE,0
OTEES,0
EPELE,0
GREEE,0
PAMES,0
TIEDI,0
VAGIR,0
GAGER,0
AUNER,0
LAYER,0
JODEL,0
TRONA,0
JUMBO,0
STUPS,0
KORES,0
MEATS,0
HILES,0
TWILL,0
TOKAY,0
GYRUS,0
ULVES,0
TARET,0
PEPEE,0
PSITT,0
DORIS,0
APLAT,0
CRAPS,0
LABRE,0
CAFRE,0
INDOU,0
MURIN,0
BOREE,0
OFLAG,0
BOLEE,0
TACON,0
FUNES,0
FANAS,0
APURE,0
SOYER,0
KEFIR,0
RECES,0
HURON,0
HAIKS,0
JADES,0
GOURS,0
FRACS,0
FLIPS,0
FLANS,0
MIELS,0
MUIDS,0
OUEDS,0
DEMES,0
PEONS,0
PEPES,0
CLICS,0
SAXES,0
SAXOS,0
BULLS,0
BOOMS,0
BIDES,0
TOTOS,0
ARIAS,0
TUBAS,0
VAMPS,0
AHANS,0
REBAT,0
PINTA,0
EMEUS,0
PANES,0
BOULA,0
BOLAS,0
BUGNE,0
LAPON,0
PAREO,0
ECULE,0
SURET,0
SURAH,0
SUNNA,0
SUPIN,0
RUNES,0
ROSAT,0
RAINE,0
OYANT,0
ORPIN,0
ONDIN,0
OILLE,0
NOPAL,0
MUFTI,0
LIAIS,0
KNOUT,0
HANAP,0
FLAPI,0
DJINN,0
DATIF,0
BEDON,0
FALUN,0
ADRET,0
ROUGH,0
CARRY,0
RASTA,0
SALTO,0
REGEL,0
SATIS,0
FICUS,0
CAVUM,0
ABIES,0
DINAR,0
FREUX,0
FAGNE,0
CLUSE,0
CAVEE,0
BIGUE,0
BASIN,0
ALOSE,0
PESON,0
CILIE,0
KAPPA,0
BRICK,0
OCTET,0
GRUGE,0
MIGRE,0
NIPPE,0
SAQUE,0
RONIN,0
LYSER,0
VASER,0
GONDE,0
FARTE,0
SURIR,0
TYPEE,0
TOURE,0
IODES,0
ANISE,0
LIMEE,0
LACEE,0
GOBEE,0
FOREE,0
ECHUS,0
MINCI,0
DROPE,0
CHIES,0
ROIDI,0
ROSIS,0
RUGIS,0
CALMI,0
TALEE,0
MUSER,0
LUTER,0
GREER,0
DAMER,0
CAVER,0
BATER,0
ENTER,0
RUMBS,0
IFTAR,0
PALAS,0
MEDES,0
LYCRA,0
SCULL,0
LORAN,0
PEULS,0
PISAN,0
ARYLE,0
HAZAN,0
IROKO,0
SUIFS,0
GOMBO,0
LUREX,0
NOMES,0
XYLOL,0
CIPAL,0
VOLIS,0
ANGOR,0
CULEX,0
INTOX,0
GUPPY,0
VETOS,0
TATIN,0
DRUMS,0
BATHS,0
CANUT,0
MESAS,0
ASQUE,0
EGEEN,0
RHUMS,0
FAENA,0
GERLE,0
SAUPE,0
BECOT,0
IBERE,0
CARME,0
MUCHE,0
KOINE,0
ESCOT,0
ENCAS,0
FARES,0
TOURA,0
DERBY,0
SUTRA,0
COPRA,0
GOUDA,0
MAERL,0
GROLE,0
TSUGA,0
CAJOU,0
CLADE,0
BURNE,0
CEDAT,0
HARKI,0
BURON,0
KEBAB,0
ANDIN,0
OCTAL,0
MEROU,0
ECRUS,0
BRIES,0
IGNES,0
HUNES,0
HASES,0
HARTS,0
JOUGS,0
GOLFS,0
FULLS,0
LOOKS,0
LUGES,0
LULUS,0
MAIES,0
MUGES,0
EMIRS,0
OVNIS,0
COLOS,0
COKES,0
CLAMS,0
SANAS,0
SARIS,0
SIDIS,0
THUGS,0
AZURS,0
TOPOS,0
TOUES,0
TRACS,0
ALFAS,0
AEDES,0
LIGES,0
FLATS,0
FADEE,0
REACS,0
BETAS,0
ARGUE,0
VIOLA,0
ETETE,0
POILE,0
GAGEE,0
FIONS,0
MOUDS,0
SUCES,0
ACNES,0
NANAR,0
HALVA,0
MUSSE,0
ESCHE,0
TRAMP,0
ANONS,0
VESSE,0
UHLAN,0
TREMA,0
TORTU,0
SPICA,0
POOLS,0
SBIRE,0
SAYON,0
PIPEE,0
PILUM,0
PENON,0
ORANT,0
OISON,0
OBLAT,0
MINON,0
MACIS,0
LITEE,0
ILEUS,0
GAUDE,0
DUCAT,0
CHOTT,0
BUBON,0
BRAIE,0
ATOUR,0
VERIN,0
AGAME,0
SMACK,0
MAMMY,0
FREAK,0
BLUSH,0
PANDA,0
CHEAP,0
QUIET,0
AGAVE,0
ROLLE,0
SALSA,0
GAMBA,0
SELFS,0
BATIK,0
KOALA,0
SCRUB,0
PAYSE,0
HOYAU,0
GOTON,0
FOENE,0
EMPAN,0
DECAN,0
DARNE,0
DAINE,0
CULEE,0
BERME,0
BATEE,0
ABYME,0
ARMET,0
ALMEE,0
AGAPE,0
XENON,0
TORON,0
GRENE,0
UKASE,0
COMMA,0
LIVES,0
PUTTE,0
LIFTE,0
URGER,0
ROUIE,0
RASSI,0
ULULE,0
SUPES,0
RIBLE,0
LITES,0
HELEE,0
ECIME,0
HUMES,0
HUMEE,0
PIFFE,0
HELES,0
GEMIE,0
FOUIE,0
MIXEE,0
MUEES,0
MUGIS,0
DAMEE,0
RELUI,0
PAGEE,0
CHUES,0
CELEE,0
BRAIT,0
TOSSE,0
MIREE,0
TOPER,0
RAIRE,0
PAVER,0
MATIS,0
POTER,0
GESIR,0
ALPEE,0
OTONS,0
SADOS,0
RACHO,0
OSSUS,0
GUAIS,0
RASHS,0
ORINS,0
BUNAS,0
MAKIS,0
DUALS,0
TIKIS,0
VAIRE,0
PALUD,0
HEMES,0
PAXON,0
JEZES,0
IBOGA,0
DONAX,0
IGAME,0
DURAL,0
AVIEN,0
BALAN,0
FOUEE,0
KETCH,0
FREON,0
INDOL,0
NIEBE,0
CAPPA,0
MITON,0
ORLES,0
VEDAS,0
TECKS,0
PUPES,0
CRACS,0
CORES,0
MASOS,0
DUITS,0
FIELS,0
DUALE,0
ICEUX,0
APION,0
LOCHS,0
PUNTS,0
KIPPA,0
CONGA,0
TYPHA,0
TOLEE,0
EPIGE,0
APREM,0
AGGLO,0
MIROS,0
LOTES,0
TABOR,0
EFRIT,0
PECAN,0
BESEF,0
MANIP,0
REMIZ,0
PUTTO,0
ROOFS,0
HOUKA,0
SLUSH,0
RAPHE,0
NIEME,0
MURON,0
YOLES,0
JURAT,0
SAGUM,0
OSIDE,0
LOSER,0
KRILL,0
LAMER,0
TALER,0
CALLA,0
BARNS,0
SORES,0
SKIPS,0
DOUMA,0
CALAO,0
VENES,0
CAUDE,0
TATES,0
ROTAS,0
ABRAS,0
RADIA,0
SOUFI,0
FOEHN,0
COPPA,0
IMMUN,0
ROUMI,0
AOUTE,0
KITCH,0
LETAL,0
AXILE,0
BIZUT,0
LABBE,0
IGLOO,0
REBAB,0
HAIKU,0
CAIRN,0
URUBU,0
FUMAT,0
TRINE,0
DIAPO,0
BOSON,0
IGUES,0
IULES,0
GOUMS,0
KIWIS,0
LOLOS,0
FRICS,0
MAILS,0
EXPOS,0
NAJAS,0
EMBUS,0
NEPES,0
DYKES,0
DUCES,0
OUZOS,0
DODOS,0
DIVAS,0
PAPIS,0
CYMES,0
POLOS,0
COSYS,0
RABES,0
RAMIS,0
CIVES,0
RIFFS,0
SAKES,0
SENES,0
SHAHS,0
SHOWS,0
SIDAS,0
BILES,0
TEAMS,0
BABYS,0
TURFS,0
TZARS,0
VIOCS,0
AGIOS,0
AGHAS,0
ACHES,0
YOGIS,0
ZONAS,0
ZOOMS,0
NASES,0
NAZES,0
PERIE,0
SOULS,0
PLUMA,0
BARRI,0
OIGNE,0
POQUE,0
GODES,0
GAZEE,0
MOULA,0
ROSIE,0
BATES,0
TUNER,0
SABRA,0
VITES,0
TUQUE,0
DICOS,0
LIEUS,0
BROOK,0
BLETS,0
GRAYS,0
OKAPI,0
QUARK,0
SEIDE,0
PICTE,0
HAYON,0
BALSA,0
GADJO,0
ALUNE,0
SELVE,0
LEXIE,0
PROVO,0
DENIM,0
VESCE,0
TRIDI,0
TORTE,0
TOLET,0
TAURE,0
TAQUE,0
TALLE,0
TAFIA,0
STIPE,0
SOTIE,0
SLOOP,0
SICLE,0
SETON,0
SASSE,0
SAGOU,0
ROCOU,0
PETON,0
PATTU,0
PATON,0
PARSI,0
ORQUE,0
OPIAT,0
OMBLE,0
NOLIS,0
MULON,0
MATTE,0
LEROT,0
LAMIE,0
JABLE,0
HUARD,0
EVENT,0
ETIER,0
EPODE,0
ENDOS,0
EIDER,0
EDILE,0
DROME,0
DEFET,0
DECRI,0
CIRON,0
CAVET,0
CABUS,0
BUIRE,0
SOLEN,0
RHODO,0
ARIEN,0
APODE,0
PANTY,0
FUNKY,0
MOUND,0
TRICK,0
TRUCK,0
FLOOD,0
PHONE,0
PANKA,0
TOMME,0
TROTS,0
KRAAL,0
CISTE,0
SAMPI,0
SOPOR,0
PALUS,0
CUTIS,0
ASPIS,0
GAIAC,0
FIORD,0
CRASH,0
ZONAL,0
POISE,0
ITHOS,0
HYDNE,0
HELIX,0
HARET,0
GUZLA,0
GOURA,0
GOULE,0
GOUET,0
GLENE,0
GIRIE,0
GAUPE,0
GAMBE,0
FAINE,0
ESPAR,0
EQUIN,0
DUODI,0
CESTE,0
CARET,0
CAPRE,0
CALUS,0
CAGNE,0
ASTIC,0
ASPRE,0
AMBON,0
ALEZE,0
AGNAT,0
AGAMI,0
LIEUR,0
ADOBE,0
BEURS,0
MANGO,0
VOLVE,0
OSSUE,0
LUNEE,0
LAMEE,0
ERRES,0
ANSEE,0
BRELE,0
MACLE,0
GEODE,0
THETA,0
AINOU,0
QUIPU,0
HINDI,0
SLANG,0
HENRY,0
AVEUX,10
